위성,센서군,구분,운영기관,국가,촬영일시,위도,경도,시도,구름량(%),제품ID,비고,원본경로
S2C,Sentinel-2,광학,ESA / Copernicus,유럽연합(EU),2026-06-25 02:15:31,35.617957,126.29357,"광주, 충남, 전북, 전남",,S2C_MSIL2A_20260625T021531_N0512_R003_T52SBE_20260625T054519,"구름량 정보 없음 (원본 MTD_MSIL2A.xml 미보관, 지수 산출물만 존재)",X:\02_Analysis\20260708_Flood\Sentinel-2\S2_Indices\S2C_MSIL2A_20260625T021531_N0512_R003_T52SBE_20260625T054519
S2C,Sentinel-2,광학,ESA / Copernicus,유럽연합(EU),2026-06-25 02:15:31,37.418642,126.230065,"서울, 인천, 경기, 충남, 북한",,S2C_MSIL2A_20260625T021531_N0512_R003_T52SBG_20260625T054519,"구름량 정보 없음 (원본 MTD_MSIL2A.xml 미보관, 지수 산출물만 존재)",X:\02_Analysis\20260708_Flood\Sentinel-2\S2_Indices\S2C_MSIL2A_20260625T021531_N0512_R003_T52SBG_20260625T054519
S2C,Sentinel-2,광학,ESA / Copernicus,유럽연합(EU),2026-06-25 02:15:31,36.539058,127.378987,"대전, 세종, 경기, 충북, 충남, 전북, 경북",,S2C_MSIL2A_20260625T021531_N0512_R003_T52SCF_20260625T054519,"구름량 정보 없음 (원본 MTD_MSIL2A.xml 미보관, 지수 산출물만 존재)",X:\02_Analysis\20260708_Flood\Sentinel-2\S2_Indices\S2C_MSIL2A_20260625T021531_N0512_R003_T52SCF_20260625T054519
S2C,Sentinel-2,광학,ESA / Copernicus,유럽연합(EU),2026-06-25 02:15:31,37.439723,127.359754,"서울, 인천, 경기, 강원, 충북, 충남, 북한",,S2C_MSIL2A_20260625T021531_N0512_R003_T52SCG_20260625T054519,"구름량 정보 없음 (원본 MTD_MSIL2A.xml 미보관, 지수 산출물만 존재)",X:\02_Analysis\20260708_Flood\Sentinel-2\S2_Indices\S2C_MSIL2A_20260625T021531_N0512_R003_T52SCG_20260625T054519
S2C,Sentinel-2,광학,ESA / Copernicus,유럽연합(EU),2026-06-25 02:15:31,36.549009,128.495627,"강원, 충북, 경북",,S2C_MSIL2A_20260625T021531_N0512_R003_T52SDF_20260625T054519,"구름량 정보 없음 (원본 MTD_MSIL2A.xml 미보관, 지수 산출물만 존재)",X:\02_Analysis\20260708_Flood\Sentinel-2\S2_Indices\S2C_MSIL2A_20260625T021531_N0512_R003_T52SDF_20260625T054519
S1A,Sentinel-1,SAR,ESA / Copernicus,유럽연합(EU),2026-06-25 09:31:13,34.843312,127.157269,"대구, 광주, 전북, 전남, 경북, 경남, 제주",,S1A_IW_GRDH_1SDV_20260625T093113_20260625T093142_065124_083589_0999_COG.zip,,X:\02_Analysis\20260708_Flood\Sentinel-1\S1A_IW_GRDH_1SDV_20260625T093113_20260625T093142_065124_083589_0999_COG.zip
S1A,Sentinel-1,SAR,ESA / Copernicus,유럽연합(EU),2026-06-25 09:31:13,34.842763,127.142545,"대구, 광주, 전북, 전남, 경북, 경남, 제주",,S1A_IW_GRDH_1SDV_20260625T093113_20260625T093142_065124_083589_0999_COG_rtc_db.tif,,X:\02_Analysis\20260708_Flood\Sentinel-1\rtc_grd\S1A_IW_GRDH_1SDV_20260625T093113_20260625T093142_065124_083589_0999_COG_rtc_db.tif
S1A,Sentinel-1,SAR,ESA / Copernicus,유럽연합(EU),2026-06-25 09:31:40,36.027393,126.896759,"대전, 세종, 충북, 충남, 전북, 경북, 경남",,S1A_IW_SLC__1SDV_20260625T093140_20260625T093154_065124_083589_1257.zip,,X:\02_Analysis\20260708_Flood\Sentinel-1\SLC\S1A_IW_SLC__1SDV_20260625T093140_20260625T093154_065124_083589_1257.zip
S1A,Sentinel-1,SAR,ESA / Copernicus,유럽연합(EU),2026-06-25 09:31:40,36.100261,127.013616,"대전, 세종, 충북, 충남, 전북, 경남",,S1A_IW_SLC__1SDV_20260625T093140_20260625T093154_065124_083589_1257_rtc_db.tif,,X:\02_Analysis\20260708_Flood\Sentinel-1\rtc_slc\S1A_IW_SLC__1SDV_20260625T093140_20260625T093154_065124_083589_1257_rtc_db.tif
S1A,Sentinel-1,SAR,ESA / Copernicus,유럽연합(EU),2026-06-25 09:31:42,36.071442,126.888462,"대전, 세종, 충북, 충남, 전북, 경북, 경남",,S1A_IW_GRDH_1SDV_20260625T093142_20260625T093154_065124_083589_FAC3_COG.zip,,X:\02_Analysis\20260708_Flood\Sentinel-1\S1A_IW_GRDH_1SDV_20260625T093142_20260625T093154_065124_083589_FAC3_COG.zip
S1A,Sentinel-1,SAR,ESA / Copernicus,유럽연합(EU),2026-06-25 09:31:42,36.071338,126.882165,"대전, 세종, 충북, 충남, 전북, 경북, 경남",,S1A_IW_GRDH_1SDV_20260625T093142_20260625T093154_065124_083589_FAC3_COG_rtc_db.tif,,X:\02_Analysis\20260708_Flood\Sentinel-1\rtc_grd\S1A_IW_GRDH_1SDV_20260625T093142_20260625T093154_065124_083589_FAC3_COG_rtc_db.tif
S1D,Sentinel-1,SAR,ESA / Copernicus,유럽연합(EU),2026-06-25 09:39:54,38.939037,124.197454,"북한, 중국",,S1D_IW_GRDH_1SDV_20260625T093954_20260625T094023_003391_005F6C_3043_COG.zip,,X:\02_Analysis\20260708_Flood\Sentinel-1\S1D_IW_GRDH_1SDV_20260625T093954_20260625T094023_003391_005F6C_3043_COG.zip
S1D,Sentinel-1,SAR,ESA / Copernicus,유럽연합(EU),2026-06-25 09:40:23,40.828106,123.761568,"북한, 중국",,S1D_IW_GRDH_1SDV_20260625T094023_20260625T094057_003391_005F6C_794A_COG.zip,,X:\02_Analysis\20260708_Flood\Sentinel-1\S1D_IW_GRDH_1SDV_20260625T094023_20260625T094057_003391_005F6C_794A_COG.zip
S1C,Sentinel-1,SAR,ESA / Copernicus,유럽연합(EU),2026-06-26 09:29:43,32.542146,127.646599,제주,,S1C_IW_GRDH_1SDV_20260626T092943_20260626T093007_008275_0105D1_FAA4_COG.zip,[자매 제품 좌표로 지역 보완: S1C_IW_GRDH_1SDV_20260626T092943_20260626T093007_008275_0105D1_FAA4_COG_rtc_db.tif],X:\02_Analysis\20260708_Flood\Sentinel-1\S1C_IW_GRDH_1SDV_20260626T092943_20260626T093007_008275_0105D1_FAA4_COG.zip
S1C,Sentinel-1,SAR,ESA / Copernicus,유럽연합(EU),2026-06-26 09:29:43,32.5416,127.635674,제주,,S1C_IW_GRDH_1SDV_20260626T092943_20260626T093007_008275_0105D1_FAA4_COG_rtc_db.tif,,X:\02_Analysis\20260708_Flood\Sentinel-1\rtc_grd\S1C_IW_GRDH_1SDV_20260626T092943_20260626T093007_008275_0105D1_FAA4_COG_rtc_db.tif
S1C,Sentinel-1,SAR,ESA / Copernicus,유럽연합(EU),2026-06-26 21:29:38,43.78807,129.223215,"북한, 중국",,S1C_IW_GRDH_1SDV_20260626T212938_20260626T213003_008282_010615_A392_COG.zip,,X:\02_Analysis\20260708_Flood\Sentinel-1\S1C_IW_GRDH_1SDV_20260626T212938_20260626T213003_008282_010615_A392_COG.zip
S1C,Sentinel-1,SAR,ESA / Copernicus,유럽연합(EU),2026-06-26 21:29:38,43.787832,129.240848,"북한, 중국",,S1C_IW_GRDH_1SDV_20260626T212938_20260626T213003_008282_010615_A392_COG_rtc_db.tif,,X:\02_Analysis\20260708_Flood\Sentinel-1\rtc_grd\S1C_IW_GRDH_1SDV_20260626T212938_20260626T213003_008282_010615_A392_COG_rtc_db.tif
S1C,Sentinel-1,SAR,ESA / Copernicus,유럽연합(EU),2026-06-26 21:30:03,42.288032,128.862568,"북한, 중국",,S1C_IW_GRDH_1SDV_20260626T213003_20260626T213028_008282_010615_D578_COG.zip,,X:\02_Analysis\20260708_Flood\Sentinel-1\S1C_IW_GRDH_1SDV_20260626T213003_20260626T213028_008282_010615_D578_COG.zip
S1C,Sentinel-1,SAR,ESA / Copernicus,유럽연합(EU),2026-06-26 21:30:03,42.287519,128.878688,"북한, 중국",,S1C_IW_GRDH_1SDV_20260626T213003_20260626T213028_008282_010615_D578_COG_rtc_db.tif,,X:\02_Analysis\20260708_Flood\Sentinel-1\rtc_grd\S1C_IW_GRDH_1SDV_20260626T213003_20260626T213028_008282_010615_D578_COG_rtc_db.tif
S1C,Sentinel-1,SAR,ESA / Copernicus,유럽연합(EU),2026-06-26 21:30:28,40.787119,128.510445,"북한, 중국",,S1C_IW_GRDH_1SDV_20260626T213028_20260626T213053_008282_010615_1A5D_COG.zip,,X:\02_Analysis\20260708_Flood\Sentinel-1\S1C_IW_GRDH_1SDV_20260626T213028_20260626T213053_008282_010615_1A5D_COG.zip
S1C,Sentinel-1,SAR,ESA / Copernicus,유럽연합(EU),2026-06-26 21:30:28,40.787138,128.525502,"북한, 중국",,S1C_IW_GRDH_1SDV_20260626T213028_20260626T213053_008282_010615_1A5D_COG_rtc_db.tif,,X:\02_Analysis\20260708_Flood\Sentinel-1\rtc_grd\S1C_IW_GRDH_1SDV_20260626T213028_20260626T213053_008282_010615_1A5D_COG_rtc_db.tif
S1C,Sentinel-1,SAR,ESA / Copernicus,유럽연합(EU),2026-06-26 21:30:53,39.285042,128.168301,"강원, 북한",,S1C_IW_GRDH_1SDV_20260626T213053_20260626T213118_008282_010615_303C_COG.zip,,X:\02_Analysis\20260708_Flood\Sentinel-1\S1C_IW_GRDH_1SDV_20260626T213053_20260626T213118_008282_010615_303C_COG.zip
S1C,Sentinel-1,SAR,ESA / Copernicus,유럽연합(EU),2026-06-26 21:30:53,39.285649,128.183057,"강원, 북한",,S1C_IW_GRDH_1SDV_20260626T213053_20260626T213118_008282_010615_303C_COG_rtc_db.tif,,X:\02_Analysis\20260708_Flood\Sentinel-1\rtc_grd\S1C_IW_GRDH_1SDV_20260626T213053_20260626T213118_008282_010615_303C_COG_rtc_db.tif
S1C,Sentinel-1,SAR,ESA / Copernicus,유럽연합(EU),2026-06-26 21:31:18,37.783322,127.824291,"서울, 인천, 경기, 강원, 충북, 경북, 북한",,S1C_IW_GRDH_1SDV_20260626T213118_20260626T213143_008282_010615_3A16_COG.zip,,X:\02_Analysis\20260708_Flood\Sentinel-1\S1C_IW_GRDH_1SDV_20260626T213118_20260626T213143_008282_010615_3A16_COG.zip
S1C,Sentinel-1,SAR,ESA / Copernicus,유럽연합(EU),2026-06-26 21:31:18,37.783542,127.841113,"서울, 인천, 경기, 강원, 충북, 충남, 경북, 북한",,S1C_IW_GRDH_1SDV_20260626T213118_20260626T213143_008282_010615_3A16_COG_rtc_db.tif,,X:\02_Analysis\20260708_Flood\Sentinel-1\rtc_grd\S1C_IW_GRDH_1SDV_20260626T213118_20260626T213143_008282_010615_3A16_COG_rtc_db.tif
S1C,Sentinel-1,SAR,ESA / Copernicus,유럽연합(EU),2026-06-26 21:31:42,36.279997,127.507776,"대구, 인천, 대전, 세종, 경기, 충북, 충남, 전북, 경북, 경남",,S1C_IW_SLC__1SDV_20260626T213142_20260626T213209_008282_010615_BA2F.zip,,X:\02_Analysis\20260708_Flood\Sentinel-1\SLC\S1C_IW_SLC__1SDV_20260626T213142_20260626T213209_008282_010615_BA2F.zip
S1C,Sentinel-1,SAR,ESA / Copernicus,유럽연합(EU),2026-06-26 21:31:42,36.313276,127.009787,"대전, 세종, 경기, 충북, 충남, 전북, 경남",,S1C_IW_SLC__1SDV_20260626T213142_20260626T213209_008282_010615_BA2F_rtc_db.tif,,X:\02_Analysis\20260708_Flood\Sentinel-1\rtc_slc\S1C_IW_SLC__1SDV_20260626T213142_20260626T213209_008282_010615_BA2F_rtc_db.tif
S1C,Sentinel-1,SAR,ESA / Copernicus,유럽연합(EU),2026-06-26 21:31:43,36.280685,127.487434,"대구, 인천, 대전, 세종, 경기, 충북, 충남, 전북, 경북, 경남",,S1C_IW_GRDH_1SDV_20260626T213143_20260626T213208_008282_010615_02C6_COG.zip,,X:\02_Analysis\20260708_Flood\Sentinel-1\S1C_IW_GRDH_1SDV_20260626T213143_20260626T213208_008282_010615_02C6_COG.zip
S1C,Sentinel-1,SAR,ESA / Copernicus,유럽연합(EU),2026-06-26 21:31:43,36.279858,127.500259,"대구, 인천, 대전, 울산, 세종, 경기, 강원, 충북, 충남, 전북, 전남, 경북, 경남",,S1C_IW_GRDH_1SDV_20260626T213143_20260626T213208_008282_010615_02C6_COG_rtc_db.tif,,X:\02_Analysis\20260708_Flood\Sentinel-1\rtc_grd\S1C_IW_GRDH_1SDV_20260626T213143_20260626T213208_008282_010615_02C6_COG_rtc_db.tif
S1C,Sentinel-1,SAR,ESA / Copernicus,유럽연합(EU),2026-06-26 21:32:07,34.786935,127.180973,"광주, 전북, 전남, 경남",,S1C_IW_SLC__1SDV_20260626T213207_20260626T213234_008282_010615_7AB0.zip,,X:\02_Analysis\20260708_Flood\Sentinel-1\SLC\S1C_IW_SLC__1SDV_20260626T213207_20260626T213234_008282_010615_7AB0.zip
S1C,Sentinel-1,SAR,ESA / Copernicus,유럽연합(EU),2026-06-26 21:32:08,34.776618,127.16086,"광주, 전북, 전남, 경남",,S1C_IW_GRDH_1SDV_20260626T213208_20260626T213233_008282_010615_194A_COG.zip,,X:\02_Analysis\20260708_Flood\Sentinel-1\S1C_IW_GRDH_1SDV_20260626T213208_20260626T213233_008282_010615_194A_COG.zip
S1C,Sentinel-1,SAR,ESA / Copernicus,유럽연합(EU),2026-06-26 21:32:08,34.776007,127.175081,"대구, 광주, 전북, 전남, 경북, 경남, 제주",,S1C_IW_GRDH_1SDV_20260626T213208_20260626T213233_008282_010615_194A_COG_rtc_db.tif,,X:\02_Analysis\20260708_Flood\Sentinel-1\rtc_grd\S1C_IW_GRDH_1SDV_20260626T213208_20260626T213233_008282_010615_194A_COG_rtc_db.tif
S1C,Sentinel-1,SAR,ESA / Copernicus,유럽연합(EU),2026-06-26 21:32:33,33.418552,126.868969,"전남, 제주",,S1C_IW_GRDH_1SDV_20260626T213233_20260626T213253_008282_010615_BE31_COG.zip,,X:\02_Analysis\20260708_Flood\Sentinel-1\S1C_IW_GRDH_1SDV_20260626T213233_20260626T213253_008282_010615_BE31_COG.zip
S1C,Sentinel-1,SAR,ESA / Copernicus,유럽연합(EU),2026-06-26 21:32:33,33.418228,126.878569,"전남, 제주",,S1C_IW_GRDH_1SDV_20260626T213233_20260626T213253_008282_010615_BE31_COG_rtc_db.tif,,X:\02_Analysis\20260708_Flood\Sentinel-1\rtc_grd\S1C_IW_GRDH_1SDV_20260626T213233_20260626T213253_008282_010615_BE31_COG_rtc_db.tif
S2B,Sentinel-2,광학,ESA / Copernicus,유럽연합(EU),2026-06-27 02:06:49,36.549009,128.495627,"강원, 충북, 경북",,S2B_MSIL2A_20260627T020649_N0512_R103_T52SDF_20260627T041901,"구름량 정보 없음 (원본 MTD_MSIL2A.xml 미보관, 지수 산출물만 존재)",X:\02_Analysis\20260708_Flood\Sentinel-2\S2_Indices\S2B_MSIL2A_20260627T020649_N0512_R103_T52SDF_20260627T041901
S2A,Sentinel-2,광학,ESA / Copernicus,유럽연합(EU),2026-06-27 02:21:31,35.617957,126.29357,"광주, 충남, 전북, 전남",,S2A_MSIL2A_20260627T022131_N0512_R003_T52SBE_20260627T081009,"구름량 정보 없음 (원본 MTD_MSIL2A.xml 미보관, 지수 산출물만 존재)",X:\02_Analysis\20260708_Flood\Sentinel-2\S2_Indices\S2A_MSIL2A_20260627T022131_N0512_R003_T52SBE_20260627T081009
S2A,Sentinel-2,광학,ESA / Copernicus,유럽연합(EU),2026-06-27 02:21:31,37.418642,126.230065,"서울, 인천, 경기, 충남, 북한",,S2A_MSIL2A_20260627T022131_N0512_R003_T52SBG_20260627T081009,"구름량 정보 없음 (원본 MTD_MSIL2A.xml 미보관, 지수 산출물만 존재)",X:\02_Analysis\20260708_Flood\Sentinel-2\S2_Indices\S2A_MSIL2A_20260627T022131_N0512_R003_T52SBG_20260627T081009
S2A,Sentinel-2,광학,ESA / Copernicus,유럽연합(EU),2026-06-27 02:21:31,36.539058,127.378987,"대전, 세종, 경기, 충북, 충남, 전북, 경북",,S2A_MSIL2A_20260627T022131_N0512_R003_T52SCF_20260627T081009,"구름량 정보 없음 (원본 MTD_MSIL2A.xml 미보관, 지수 산출물만 존재)",X:\02_Analysis\20260708_Flood\Sentinel-2\S2_Indices\S2A_MSIL2A_20260627T022131_N0512_R003_T52SCF_20260627T081009
S2A,Sentinel-2,광학,ESA / Copernicus,유럽연합(EU),2026-06-27 02:21:31,37.439723,127.359754,"서울, 인천, 경기, 강원, 충북, 충남, 북한",,S2A_MSIL2A_20260627T022131_N0512_R003_T52SCG_20260627T081009,"구름량 정보 없음 (원본 MTD_MSIL2A.xml 미보관, 지수 산출물만 존재)",X:\02_Analysis\20260708_Flood\Sentinel-2\S2_Indices\S2A_MSIL2A_20260627T022131_N0512_R003_T52SCG_20260627T081009
S2A,Sentinel-2,광학,ESA / Copernicus,유럽연합(EU),2026-06-27 02:21:31,36.549009,128.495627,"강원, 충북, 경북",,S2A_MSIL2A_20260627T022131_N0512_R003_T52SDF_20260627T081009,"구름량 정보 없음 (원본 MTD_MSIL2A.xml 미보관, 지수 산출물만 존재)",X:\02_Analysis\20260708_Flood\Sentinel-2\S2_Indices\S2A_MSIL2A_20260627T022131_N0512_R003_T52SDF_20260627T081009
S1A,Sentinel-1,SAR,ESA / Copernicus,유럽연합(EU),2026-06-27 21:16:39,34.378413,131.22298,일본,,S1A_IW_GRDH_1SDV_20260627T211639_20260627T211708_065160_0836C8_88AF_COG.zip,,X:\02_Analysis\20260708_Flood\Sentinel-1\S1A_IW_GRDH_1SDV_20260627T211639_20260627T211708_065160_0836C8_88AF_COG.zip
S1A,Sentinel-1,SAR,ESA / Copernicus,유럽연합(EU),2026-06-27 21:16:39,34.37769,131.234057,일본,,S1A_IW_GRDH_1SDV_20260627T211639_20260627T211708_065160_0836C8_88AF_COG_rtc_db.tif,,X:\02_Analysis\20260708_Flood\Sentinel-1\rtc_grd\S1A_IW_GRDH_1SDV_20260627T211639_20260627T211708_065160_0836C8_88AF_COG_rtc_db.tif
S1A,Sentinel-1,SAR,ESA / Copernicus,유럽연합(EU),2026-06-27 21:17:08,32.752113,130.873318,일본,,S1A_IW_GRDH_1SDV_20260627T211708_20260627T211733_065160_0836C8_E215_COG.zip,,X:\02_Analysis\20260708_Flood\Sentinel-1\S1A_IW_GRDH_1SDV_20260627T211708_20260627T211733_065160_0836C8_E215_COG.zip
S1A,Sentinel-1,SAR,ESA / Copernicus,유럽연합(EU),2026-06-27 21:17:08,32.751542,130.885357,일본,,S1A_IW_GRDH_1SDV_20260627T211708_20260627T211733_065160_0836C8_E215_COG_rtc_db.tif,,X:\02_Analysis\20260708_Flood\Sentinel-1\rtc_grd\S1A_IW_GRDH_1SDV_20260627T211708_20260627T211733_065160_0836C8_E215_COG_rtc_db.tif
S1C,Sentinel-1,SAR,ESA / Copernicus,유럽연합(EU),2026-06-28 09:13:18,32.682306,131.735329,일본,,S1C_IW_GRDH_1SDV_20260628T091318_20260628T091343_008304_0106DC_9919_COG.zip,,X:\02_Analysis\20260708_Flood\Sentinel-1\S1C_IW_GRDH_1SDV_20260628T091318_20260628T091343_008304_0106DC_9919_COG.zip
S1C,Sentinel-1,SAR,ESA / Copernicus,유럽연합(EU),2026-06-28 09:13:18,32.682158,131.721734,일본,,S1C_IW_GRDH_1SDV_20260628T091318_20260628T091343_008304_0106DC_9919_COG_rtc_db.tif,,X:\02_Analysis\20260708_Flood\Sentinel-1\rtc_grd\S1C_IW_GRDH_1SDV_20260628T091318_20260628T091343_008304_0106DC_9919_COG_rtc_db.tif
S1C,Sentinel-1,SAR,ESA / Copernicus,유럽연합(EU),2026-06-28 09:13:43,34.523424,131.33543,일본,,S1C_IW_GRDH_1SDV_20260628T091343_20260628T091419_008304_0106DC_D440_COG.zip,,X:\02_Analysis\20260708_Flood\Sentinel-1\S1C_IW_GRDH_1SDV_20260628T091343_20260628T091419_008304_0106DC_D440_COG.zip
S1C,Sentinel-1,SAR,ESA / Copernicus,유럽연합(EU),2026-06-28 09:13:43,34.522515,131.320164,일본,,S1C_IW_GRDH_1SDV_20260628T091343_20260628T091419_008304_0106DC_D440_COG_rtc_db.tif,,X:\02_Analysis\20260708_Flood\Sentinel-1\rtc_grd\S1C_IW_GRDH_1SDV_20260628T091343_20260628T091419_008304_0106DC_D440_COG_rtc_db.tif
PlanetScope,PlanetScope,광학,Planet Labs PBC,미국,2026-06-29 02:11:05,36.666673,128.586716,경북,0.53,20260629_021105_64_255f_3B_AnalyticMS_8b,,X:\02_Analysis\20260708_Flood\PlanetScope\urn_ogc_def_EOP_PLANET_PT01N36_601614E128_3945982026062900000000MS00-product.zip
PlanetScope,PlanetScope,광학,Planet Labs PBC,미국,2026-06-29 02:11:08,36.518074,128.54734,경북,3.21,20260629_021108_02_255f_3B_AnalyticMS_8b,,X:\02_Analysis\20260708_Flood\PlanetScope\urn_ogc_def_EOP_PLANET_PT01N36_544075E128_3747982026062900000000MS00-product.zip
PlanetScope,PlanetScope,광학,Planet Labs PBC,미국,2026-06-29 02:11:10,36.369179,128.508175,경북,8.37,20260629_021110_39_255f_3B_AnalyticMS_8b,,X:\02_Analysis\20260708_Flood\PlanetScope\urn_ogc_def_EOP_PLANET_PT01N36_469600E128_3546402026062900000000MS00-product.zip
PlanetScope,PlanetScope,광학,Planet Labs PBC,미국,2026-06-29 02:15:13,36.599064,127.51597,"대전, 세종, 충북, 충남",1.2,20260629_021513_96_2510_3B_AnalyticMS_8b,,X:\02_Analysis\20260708_Flood\PlanetScope\urn_ogc_def_EOP_PLANET_PT01N36_577671E127_3831202026062900000000MS00-product.zip
PlanetScope,PlanetScope,광학,Planet Labs PBC,미국,2026-06-29 02:15:16,36.450217,127.476427,"대전, 세종, 충북, 충남",2.62,20260629_021516_33_2510_3B_AnalyticMS_8b,,X:\02_Analysis\20260708_Flood\PlanetScope\urn_ogc_def_EOP_PLANET_PT01N36_501305E127_3635942026062900000000MS00-product.zip
PlanetScope,PlanetScope,광학,Planet Labs PBC,미국,2026-06-29 02:23:16,37.487025,126.836213,"서울, 인천, 경기",20.01,20260629_022316_09_257a_3B_AnalyticMS_8b,,X:\02_Analysis\20260708_Flood\PlanetScope\urn_ogc_def_EOP_PLANET_PT01N37_371395E127_0028272026062900000000MS00-product.zip
PlanetScope,PlanetScope,광학,Planet Labs PBC,미국,2026-06-29 02:23:18,37.339613,126.795074,"서울, 인천, 경기",2.9,20260629_022318_44_257a_3B_AnalyticMS_8b,,X:\02_Analysis\20260708_Flood\PlanetScope\urn_ogc_def_EOP_PLANET_PT01N37_296248E126_9436562026062900000000MS00-product.zip
PlanetScope,PlanetScope,광학,Planet Labs PBC,미국,2026-06-29 02:23:20,37.191869,126.754308,"인천, 경기",0.85,20260629_022320_79_257a_3B_AnalyticMS_8b,,X:\02_Analysis\20260708_Flood\PlanetScope\urn_ogc_def_EOP_PLANET_PT01N37_227752E126_9230462026062900000000MS00-product.zip
PlanetScope,PlanetScope,광학,Planet Labs PBC,미국,2026-06-29 02:53:33,36.675741,127.279944,"세종, 충북, 충남",0.02,20260629_025333_22_253b_3B_AnalyticMS_8b,,X:\02_Analysis\20260708_Flood\PlanetScope\urn_ogc_def_EOP_PLANET_PT01N36_619494E127_3053502026062900000000MS00-product.zip
PlanetScope,PlanetScope,광학,Planet Labs PBC,미국,2026-06-29 02:53:35,36.534982,127.241414,"대전, 세종, 충북, 충남",0.15,20260629_025335_45_253b_3B_AnalyticMS_8b,,X:\02_Analysis\20260708_Flood\PlanetScope\urn_ogc_def_EOP_PLANET_PT01N36_541237E127_2961902026062900000000MS00-product.zip
PlanetScope,PlanetScope,광학,Planet Labs PBC,미국,2026-06-29 02:53:37,36.394631,127.202922,"대전, 세종, 충북, 충남",3.07,20260629_025337_68_253b_3B_AnalyticMS_8b,,X:\02_Analysis\20260708_Flood\PlanetScope\urn_ogc_def_EOP_PLANET_PT01N36_471215E127_2808872026062900000000MS00-product.zip
PlanetScope,PlanetScope,광학,Planet Labs PBC,미국,2026-06-29 02:53:39,36.25434,127.164467,"대전, 충남, 전북",8.73,20260629_025339_91_253b_3B_AnalyticMS_8b,,X:\02_Analysis\20260708_Flood\PlanetScope\urn_ogc_def_EOP_PLANET_PT01N36_170485E127_0133652026062900000000MS00-product.zip
PlanetScope,PlanetScope,광학,Planet Labs PBC,미국,2026-06-29 02:53:42,36.113933,127.126215,"대전, 충남, 전북",4.66,20260629_025342_13_253b_3B_AnalyticMS_8b,,X:\02_Analysis\20260708_Flood\PlanetScope\urn_ogc_def_EOP_PLANET_PT01N36_103381E126_9990382026062900000000MS00-product.zip
PlanetScope,PlanetScope,광학,Planet Labs PBC,미국,2026-06-29 02:53:44,35.973468,127.088172,"충남, 전북",4.62,20260629_025344_36_253b_3B_AnalyticMS_8b,,X:\02_Analysis\20260708_Flood\PlanetScope\urn_ogc_def_EOP_PLANET_PT01N36_025347E126_9803402026062900000000MS00-product.zip
PlanetScope,PlanetScope,광학,Planet Labs PBC,미국,2026-06-29 02:55:26,37.408003,127.141182,"서울, 경기",15.61,20260629_025526_93_2539_3B_AnalyticMS_8b,,X:\02_Analysis\20260708_Flood\PlanetScope\urn_ogc_def_EOP_PLANET_PT01N37_333749E127_0634472026062900000000MS00-product.zip
PlanetScope,PlanetScope,광학,Planet Labs PBC,미국,2026-06-29 02:55:29,37.268051,127.102611,경기,10.46,20260629_025529_15_2539_3B_AnalyticMS_8b,,X:\02_Analysis\20260708_Flood\PlanetScope\urn_ogc_def_EOP_PLANET_PT01N37_263729E127_0470172026062900000000MS00-product.zip
PlanetScope,PlanetScope,광학,Planet Labs PBC,미국,2026-06-29 02:55:31,37.128595,127.063953,경기,1.01,20260629_025531_36_2539_3B_AnalyticMS_8b,,X:\02_Analysis\20260708_Flood\PlanetScope\urn_ogc_def_EOP_PLANET_PT01N37_186143E127_0386332026062900000000MS00-product.zip
PlanetScope,PlanetScope,광학,Planet Labs PBC,미국,2026-06-29 02:55:44,36.292051,126.833393,충남,1.62,20260629_025544_65_2539_3B_AnalyticMS_8b,,X:\02_Analysis\20260708_Flood\PlanetScope\urn_ogc_def_EOP_PLANET_PT01N36_193498E126_9137652026062900000000MS00-product.zip
PlanetScope,PlanetScope,광학,Planet Labs PBC,미국,2026-06-29 02:55:46,36.152383,126.795453,"충남, 전북",2.1,20260629_025546_86_2539_3B_AnalyticMS_8b,,X:\02_Analysis\20260708_Flood\PlanetScope\urn_ogc_def_EOP_PLANET_PT01N36_123359E126_8776792026062900000000MS00-product.zip
PlanetScope,PlanetScope,광학,Planet Labs PBC,미국,2026-06-29 02:55:49,36.012683,126.758056,"충남, 전북",0.58,20260629_025549_08_2539_3B_AnalyticMS_8b,,X:\02_Analysis\20260708_Flood\PlanetScope\urn_ogc_def_EOP_PLANET_PT01N36_045724E126_8591442026062900000000MS00-product.zip
PlanetScope,PlanetScope,광학,Planet Labs PBC,미국,2026-06-29 03:00:34,36.689855,128.238833,"충북, 경북",2.82,20260629_030034_51_2514_3B_AnalyticMS_8b,,X:\02_Analysis\20260708_Flood\PlanetScope\urn_ogc_def_EOP_PLANET_PT01N36_623161E128_2752152026062900000000MS00-product.zip
PlanetScope,PlanetScope,광학,Planet Labs PBC,미국,2026-06-29 03:00:36,36.56295,128.204174,경북,0.31,20260629_030036_50_2514_3B_AnalyticMS_8b,,X:\02_Analysis\20260708_Flood\PlanetScope\urn_ogc_def_EOP_PLANET_PT01N36_559702E128_2600502026062900000000MS00-product.zip
PlanetScope,PlanetScope,광학,Planet Labs PBC,미국,2026-06-29 03:00:38,36.43599,128.169777,경북,1.19,20260629_030038_50_2514_3B_AnalyticMS_8b,,X:\02_Analysis\20260708_Flood\PlanetScope\urn_ogc_def_EOP_PLANET_PT01N36_495342E128_2427152026062900000000MS00-product.zip
S2B,Sentinel-2,광학,ESA / Copernicus,유럽연합(EU),2026-06-30 02:15:29,35.617957,126.29357,"광주, 충남, 전북, 전남",,S2B_MSIL2A_20260630T021529_N0512_R003_T52SBE_20260630T042540,"구름량 정보 없음 (원본 MTD_MSIL2A.xml 미보관, 지수 산출물만 존재)",X:\02_Analysis\20260708_Flood\Sentinel-2\S2_Indices\S2B_MSIL2A_20260630T021529_N0512_R003_T52SBE_20260630T042540
S2B,Sentinel-2,광학,ESA / Copernicus,유럽연합(EU),2026-06-30 02:15:29,37.418642,126.230065,"서울, 인천, 경기, 충남, 북한",,S2B_MSIL2A_20260630T021529_N0512_R003_T52SBG_20260630T042540,"구름량 정보 없음 (원본 MTD_MSIL2A.xml 미보관, 지수 산출물만 존재)",X:\02_Analysis\20260708_Flood\Sentinel-2\S2_Indices\S2B_MSIL2A_20260630T021529_N0512_R003_T52SBG_20260630T042540
S2B,Sentinel-2,광학,ESA / Copernicus,유럽연합(EU),2026-06-30 02:15:29,36.539058,127.378987,"대전, 세종, 경기, 충북, 충남, 전북, 경북",,S2B_MSIL2A_20260630T021529_N0512_R003_T52SCF_20260630T042540,"구름량 정보 없음 (원본 MTD_MSIL2A.xml 미보관, 지수 산출물만 존재)",X:\02_Analysis\20260708_Flood\Sentinel-2\S2_Indices\S2B_MSIL2A_20260630T021529_N0512_R003_T52SCF_20260630T042540
S2B,Sentinel-2,광학,ESA / Copernicus,유럽연합(EU),2026-06-30 02:15:29,37.439723,127.359754,"서울, 인천, 경기, 강원, 충북, 충남, 북한",,S2B_MSIL2A_20260630T021529_N0512_R003_T52SCG_20260630T042540,"구름량 정보 없음 (원본 MTD_MSIL2A.xml 미보관, 지수 산출물만 존재)",X:\02_Analysis\20260708_Flood\Sentinel-2\S2_Indices\S2B_MSIL2A_20260630T021529_N0512_R003_T52SCG_20260630T042540
S2B,Sentinel-2,광학,ESA / Copernicus,유럽연합(EU),2026-06-30 02:15:29,36.549009,128.495627,"강원, 충북, 경북",,S2B_MSIL2A_20260630T021529_N0512_R003_T52SDF_20260630T042540,"구름량 정보 없음 (원본 MTD_MSIL2A.xml 미보관, 지수 산출물만 존재)",X:\02_Analysis\20260708_Flood\Sentinel-2\S2_Indices\S2B_MSIL2A_20260630T021529_N0512_R003_T52SDF_20260630T042540
S1D,Sentinel-1,SAR,ESA / Copernicus,유럽연합(EU),2026-06-30 09:47:22,36.164237,122.759729,중국,,S1D_IW_GRDH_1SDV_20260630T094722_20260630T094751_003464_0061E4_CDFD_COG.zip,,X:\02_Analysis\20260708_Flood\Sentinel-1\S1D_IW_GRDH_1SDV_20260630T094722_20260630T094751_003464_0061E4_CDFD_COG.zip
S1C,Sentinel-1,SAR,ESA / Copernicus,유럽연합(EU),2026-07-01 21:37:59,43.373534,127.020502,중국,,S1C_IW_GRDH_1SDV_20260701T213759_20260701T213824_008355_01088E_E265_COG.zip,,X:\02_Analysis\20260708_Flood\Sentinel-1\S1C_IW_GRDH_1SDV_20260701T213759_20260701T213824_008355_01088E_E265_COG.zip
S1C,Sentinel-1,SAR,ESA / Copernicus,유럽연합(EU),2026-07-01 21:37:59,43.373377,127.04493,중국,,S1C_IW_GRDH_1SDV_20260701T213759_20260701T213824_008355_01088E_E265_COG_rtc_db.tif,,X:\02_Analysis\20260708_Flood\Sentinel-1\rtc_grd\S1C_IW_GRDH_1SDV_20260701T213759_20260701T213824_008355_01088E_E265_COG_rtc_db.tif
S1C,Sentinel-1,SAR,ESA / Copernicus,유럽연합(EU),2026-07-01 21:38:24,41.874397,126.655096,"북한, 중국",,S1C_IW_GRDH_1SDV_20260701T213824_20260701T213849_008355_01088E_5C8D_COG.zip,,X:\02_Analysis\20260708_Flood\Sentinel-1\S1C_IW_GRDH_1SDV_20260701T213824_20260701T213849_008355_01088E_5C8D_COG.zip
S1C,Sentinel-1,SAR,ESA / Copernicus,유럽연합(EU),2026-07-01 21:38:24,41.873865,126.678238,"북한, 중국",,S1C_IW_GRDH_1SDV_20260701T213824_20260701T213849_008355_01088E_5C8D_COG_rtc_db.tif,,X:\02_Analysis\20260708_Flood\Sentinel-1\rtc_grd\S1C_IW_GRDH_1SDV_20260701T213824_20260701T213849_008355_01088E_5C8D_COG_rtc_db.tif
S1C,Sentinel-1,SAR,ESA / Copernicus,유럽연합(EU),2026-07-01 21:38:49,40.373017,126.308296,"북한, 중국",,S1C_IW_GRDH_1SDV_20260701T213849_20260701T213914_008355_01088E_54D9_COG.zip,,X:\02_Analysis\20260708_Flood\Sentinel-1\S1C_IW_GRDH_1SDV_20260701T213849_20260701T213914_008355_01088E_54D9_COG.zip
S1C,Sentinel-1,SAR,ESA / Copernicus,유럽연합(EU),2026-07-01 21:38:49,40.371511,126.328142,"북한, 중국",,S1C_IW_GRDH_1SDV_20260701T213849_20260701T213914_008355_01088E_54D9_COG_rtc_db.tif,,X:\02_Analysis\20260708_Flood\Sentinel-1\rtc_grd\S1C_IW_GRDH_1SDV_20260701T213849_20260701T213914_008355_01088E_54D9_COG_rtc_db.tif
S1C,Sentinel-1,SAR,ESA / Copernicus,유럽연합(EU),2026-07-01 21:39:13,38.883147,126.015478,"경기, 강원, 북한",,S1C_IW_SLC__1SDV_20260701T213913_20260701T213940_008355_01088E_65DC.zip,,X:\02_Analysis\20260708_Flood\Sentinel-1\SLC\S1C_IW_SLC__1SDV_20260701T213913_20260701T213940_008355_01088E_65DC.zip
S1C,Sentinel-1,SAR,ESA / Copernicus,유럽연합(EU),2026-07-01 21:39:14,38.86984,125.975979,"경기, 강원, 북한",,S1C_IW_GRDH_1SDV_20260701T213914_20260701T213939_008355_01088E_0FEB_COG.zip,,X:\02_Analysis\20260708_Flood\Sentinel-1\S1C_IW_GRDH_1SDV_20260701T213914_20260701T213939_008355_01088E_0FEB_COG.zip
S1C,Sentinel-1,SAR,ESA / Copernicus,유럽연합(EU),2026-07-01 21:39:14,38.869649,125.995506,"인천, 경기, 강원, 북한",,S1C_IW_GRDH_1SDV_20260701T213914_20260701T213939_008355_01088E_0FEB_COG_rtc_db.tif,,X:\02_Analysis\20260708_Flood\Sentinel-1\rtc_grd\S1C_IW_GRDH_1SDV_20260701T213914_20260701T213939_008355_01088E_0FEB_COG_rtc_db.tif
S1C,Sentinel-1,SAR,ESA / Copernicus,유럽연합(EU),2026-07-01 21:39:38,37.361691,125.673107,"서울, 인천, 경기, 충남, 북한",,S1C_IW_SLC__1SDV_20260701T213938_20260701T214005_008355_01088E_0F25.zip,,X:\02_Analysis\20260708_Flood\Sentinel-1\SLC\S1C_IW_SLC__1SDV_20260701T213938_20260701T214005_008355_01088E_0F25.zip
S1C,Sentinel-1,SAR,ESA / Copernicus,유럽연합(EU),2026-07-01 21:39:38,36.60965,126.715826,충남,,S1C_IW_SLC__1SDV_20260701T213938_20260701T214005_008355_01088E_0F25_rtc_db.tif,,X:\02_Analysis\20260708_Flood\Sentinel-1\rtc_slc\S1C_IW_SLC__1SDV_20260701T213938_20260701T214005_008355_01088E_0F25_rtc_db.tif
S1C,Sentinel-1,SAR,ESA / Copernicus,유럽연합(EU),2026-07-01 21:39:39,37.36708,125.640454,"서울, 인천, 경기, 충남, 북한",,S1C_IW_GRDH_1SDV_20260701T213939_20260701T214004_008355_01088E_EC8B_COG.zip,,X:\02_Analysis\20260708_Flood\Sentinel-1\S1C_IW_GRDH_1SDV_20260701T213939_20260701T214004_008355_01088E_EC8B_COG.zip
S1C,Sentinel-1,SAR,ESA / Copernicus,유럽연합(EU),2026-07-01 21:39:39,37.366656,125.653469,"서울, 인천, 대전, 세종, 경기, 강원, 충북, 충남, 북한",,S1C_IW_GRDH_1SDV_20260701T213939_20260701T214004_008355_01088E_EC8B_COG_rtc_db.tif,,X:\02_Analysis\20260708_Flood\Sentinel-1\rtc_grd\S1C_IW_GRDH_1SDV_20260701T213939_20260701T214004_008355_01088E_EC8B_COG_rtc_db.tif
S1C,Sentinel-1,SAR,ESA / Copernicus,유럽연합(EU),2026-07-01 21:40:03,35.926418,125.354935,"충남, 전북, 전남",,S1C_IW_SLC__1SDV_20260701T214003_20260701T214028_008355_01088E_B5F4.zip,,X:\02_Analysis\20260708_Flood\Sentinel-1\SLC\S1C_IW_SLC__1SDV_20260701T214003_20260701T214028_008355_01088E_B5F4.zip
S1C,Sentinel-1,SAR,ESA / Copernicus,유럽연합(EU),2026-07-01 21:40:03,36.144228,126.640591,"충남, 전북",,S1C_IW_SLC__1SDV_20260701T214003_20260701T214028_008355_01088E_B5F4_rtc_db.tif,,X:\02_Analysis\20260708_Flood\Sentinel-1\rtc_slc\S1C_IW_SLC__1SDV_20260701T214003_20260701T214028_008355_01088E_B5F4_rtc_db.tif
S1C,Sentinel-1,SAR,ESA / Copernicus,유럽연합(EU),2026-07-01 21:40:04,35.907311,125.318302,"충남, 전북, 전남",,S1C_IW_GRDH_1SDV_20260701T214004_20260701T214028_008355_01088E_8E98_COG.zip,,X:\02_Analysis\20260708_Flood\Sentinel-1\S1C_IW_GRDH_1SDV_20260701T214004_20260701T214028_008355_01088E_8E98_COG.zip
S1C,Sentinel-1,SAR,ESA / Copernicus,유럽연합(EU),2026-07-01 21:40:04,35.906962,125.331106,"광주, 충남, 전북, 전남",,S1C_IW_GRDH_1SDV_20260701T214004_20260701T214028_008355_01088E_8E98_COG_rtc_db.tif,,X:\02_Analysis\20260708_Flood\Sentinel-1\rtc_grd\S1C_IW_GRDH_1SDV_20260701T214004_20260701T214028_008355_01088E_8E98_COG_rtc_db.tif
S2C,Sentinel-2,광학,ESA / Copernicus,유럽연합(EU),2026-07-02 02:06:51,36.549009,128.495627,"강원, 충북, 경북",,S2C_MSIL2A_20260702T020651_N0512_R103_T52SDF_20260702T053715,"구름량 정보 없음 (원본 MTD_MSIL2A.xml 미보관, 지수 산출물만 존재)",X:\02_Analysis\20260708_Flood\Sentinel-2\S2_Indices\S2C_MSIL2A_20260702T020651_N0512_R103_T52SDF_20260702T053715
PlanetScope,PlanetScope,광학,Planet Labs PBC,미국,2026-07-02 02:46:44,36.658657,128.140324,"충북, 경북",25.33,20260702_024644_12_252e_3B_AnalyticMS_8b,,X:\02_Analysis\20260708_Flood\PlanetScope\urn_ogc_def_EOP_PLANET_PT01N36_602910E128_2373592026070200000000MS00-product.zip
PlanetScope,PlanetScope,광학,Planet Labs PBC,미국,2026-07-02 02:46:46,36.519185,128.103089,"충북, 경북",18.13,20260702_024646_32_252e_3B_AnalyticMS_8b,,X:\02_Analysis\20260708_Flood\PlanetScope\urn_ogc_def_EOP_PLANET_PT01N36_542012E128_2174192026070200000000MS00-product.zip
PlanetScope,PlanetScope,광학,Planet Labs PBC,미국,2026-07-02 02:46:48,36.379939,128.066014,"충북, 경북",38.08,20260702_024648_53_252e_3B_AnalyticMS_8b,,X:\02_Analysis\20260708_Flood\PlanetScope\urn_ogc_def_EOP_PLANET_PT01N36_472588E128_1988842026070200000000MS00-product.zip
PlanetScope,PlanetScope,광학,Planet Labs PBC,미국,2026-07-02 03:02:20,36.664955,128.491883,경북,31.23,20260702_030220_35_24dc_3B_AnalyticMS_8b,,X:\02_Analysis\20260708_Flood\PlanetScope\urn_ogc_def_EOP_PLANET_PT01N36_609233E128_3617272026070200000000MS00-product.zip
PlanetScope,PlanetScope,광학,Planet Labs PBC,미국,2026-07-02 03:02:22,36.537383,128.457101,경북,44.02,20260702_030222_36_24dc_3B_AnalyticMS_8b,,X:\02_Analysis\20260708_Flood\PlanetScope\urn_ogc_def_EOP_PLANET_PT01N36_545627E128_3442772026070200000000MS00-product.zip
PlanetScope,PlanetScope,광학,Planet Labs PBC,미국,2026-07-02 03:02:24,36.410014,128.422368,경북,36.72,20260702_030224_36_24dc_3B_AnalyticMS_8b,,X:\02_Analysis\20260708_Flood\PlanetScope\urn_ogc_def_EOP_PLANET_PT01N36_481947E128_3264332026070200000000MS00-product.zip
S1D,Sentinel-1,SAR,ESA / Copernicus,유럽연합(EU),2026-07-02 09:30:32,34.890937,127.145252,"대구, 광주, 전북, 전남, 경북, 경남, 제주",,S1D_IW_SLC__1SDV_20260702T093032_20260702T093103_003493_0062D7_29B8.zip,,X:\02_Analysis\20260708_Flood\Sentinel-1\SLC\S1D_IW_SLC__1SDV_20260702T093032_20260702T093103_003493_0062D7_29B8.zip
S1D,Sentinel-1,SAR,ESA / Copernicus,유럽연합(EU),2026-07-02 09:30:32,35.808001,127.177456,전북,,S1D_IW_SLC__1SDV_20260702T093032_20260702T093103_003493_0062D7_29B8_rtc_db.tif,,X:\02_Analysis\20260708_Flood\Sentinel-1\rtc_slc\S1D_IW_SLC__1SDV_20260702T093032_20260702T093103_003493_0062D7_29B8_rtc_db.tif
S1D,Sentinel-1,SAR,ESA / Copernicus,유럽연합(EU),2026-07-02 09:30:33,34.851062,127.155054,"대구, 광주, 전북, 전남, 경북, 경남, 제주",,S1D_IW_GRDH_1SDV_20260702T093033_20260702T093102_003493_0062D7_EF53_COG.zip,,X:\02_Analysis\20260708_Flood\Sentinel-1\S1D_IW_GRDH_1SDV_20260702T093033_20260702T093102_003493_0062D7_EF53_COG.zip
S1D,Sentinel-1,SAR,ESA / Copernicus,유럽연합(EU),2026-07-02 09:30:33,34.850567,127.140137,"대구, 광주, 전북, 전남, 경북, 경남, 제주",,S1D_IW_GRDH_1SDV_20260702T093033_20260702T093102_003493_0062D7_EF53_COG_rtc_db.tif,,X:\02_Analysis\20260708_Flood\Sentinel-1\rtc_grd\S1D_IW_GRDH_1SDV_20260702T093033_20260702T093102_003493_0062D7_EF53_COG_rtc_db.tif
S1D,Sentinel-1,SAR,ESA / Copernicus,유럽연합(EU),2026-07-02 09:31:01,36.553348,126.778349,"서울, 인천, 대전, 세종, 경기, 강원, 충북, 충남, 전북, 경북, 경남",,S1D_IW_SLC__1SDV_20260702T093101_20260702T093130_003493_0062D7_1995.zip,,X:\02_Analysis\20260708_Flood\Sentinel-1\SLC\S1D_IW_SLC__1SDV_20260702T093101_20260702T093130_003493_0062D7_1995.zip
S1D,Sentinel-1,SAR,ESA / Copernicus,유럽연합(EU),2026-07-02 09:31:01,36.313199,126.996765,"대전, 세종, 경기, 충북, 충남, 전북, 경남",,S1D_IW_SLC__1SDV_20260702T093101_20260702T093130_003493_0062D7_1995_rtc_db.tif,,X:\02_Analysis\20260708_Flood\Sentinel-1\rtc_slc\S1D_IW_SLC__1SDV_20260702T093101_20260702T093130_003493_0062D7_1995_rtc_db.tif
S1D,Sentinel-1,SAR,ESA / Copernicus,유럽연합(EU),2026-07-02 09:31:02,36.576976,126.775444,"서울, 인천, 대전, 세종, 경기, 강원, 충북, 충남, 전북, 경북, 경남",,S1D_IW_GRDH_1SDV_20260702T093102_20260702T093130_003493_0062D7_5469_COG.zip,,X:\02_Analysis\20260708_Flood\Sentinel-1\S1D_IW_GRDH_1SDV_20260702T093102_20260702T093130_003493_0062D7_5469_COG.zip
S1D,Sentinel-1,SAR,ESA / Copernicus,유럽연합(EU),2026-07-02 09:31:02,36.57678,126.760551,"서울, 인천, 대전, 세종, 경기, 강원, 충북, 충남, 전북, 경북, 경남",,S1D_IW_GRDH_1SDV_20260702T093102_20260702T093130_003493_0062D7_5469_COG_rtc_db.tif,,X:\02_Analysis\20260708_Flood\Sentinel-1\rtc_grd\S1D_IW_GRDH_1SDV_20260702T093102_20260702T093130_003493_0062D7_5469_COG_rtc_db.tif
LANDSAT-9,LANDSAT9,광학,USGS / NASA,미국,2026-07-03 02:04:22,37.462738,128.176703,"서울, 대전, 세종, 경기, 강원, 충북, 충남, 경북, 북한",72.01,urn_ogc_def_EOP_USGS__LANDSAT9_LS091150342026070300000000MS00-product.zip,,X:\02_Analysis\20260708_Flood\LANDSAT9\urn_ogc_def_EOP_USGS__LANDSAT9_LS091150342026070300000000MS00-product.zip
LANDSAT-9,LANDSAT9,광학,USGS / NASA,미국,2026-07-03 02:04:46,36.031577,127.75562,"부산, 대구, 광주, 대전, 울산, 세종, 경기, 강원, 충북, 충남, 전북, 전남, 경북, 경남",79.95,urn_ogc_def_EOP_USGS__LANDSAT9_LS091150352026070300000000MS00-product.zip,,X:\02_Analysis\20260708_Flood\LANDSAT9\urn_ogc_def_EOP_USGS__LANDSAT9_LS091150352026070300000000MS00-product.zip
S1C,Sentinel-1,SAR,ESA / Copernicus,유럽연합(EU),2026-07-03 09:21:39,33.141227,129.57349,일본,,S1C_IW_GRDH_1SDV_20260703T092139_20260703T092204_008377_010935_C7AD_COG.zip,,X:\02_Analysis\20260708_Flood\Sentinel-1\S1C_IW_GRDH_1SDV_20260703T092139_20260703T092204_008377_010935_C7AD_COG.zip
S1C,Sentinel-1,SAR,ESA / Copernicus,유럽연합(EU),2026-07-03 09:21:39,33.140681,129.566106,일본,,S1C_IW_GRDH_1SDV_20260703T092139_20260703T092204_008377_010935_C7AD_COG_rtc_db.tif,,X:\02_Analysis\20260708_Flood\Sentinel-1\rtc_grd\S1C_IW_GRDH_1SDV_20260703T092139_20260703T092204_008377_010935_C7AD_COG_rtc_db.tif
S1C,Sentinel-1,SAR,ESA / Copernicus,유럽연합(EU),2026-07-03 09:22:04,34.307923,129.321819,경남,,S1C_IW_GRDH_1SDV_20260703T092204_20260703T092218_008377_010935_754B_COG.zip,,X:\02_Analysis\20260708_Flood\Sentinel-1\S1C_IW_GRDH_1SDV_20260703T092204_20260703T092218_008377_010935_754B_COG.zip
S1C,Sentinel-1,SAR,ESA / Copernicus,유럽연합(EU),2026-07-03 09:22:04,34.307679,129.314992,"경남, 일본",,S1C_IW_GRDH_1SDV_20260703T092204_20260703T092218_008377_010935_754B_COG_rtc_db.tif,,X:\02_Analysis\20260708_Flood\Sentinel-1\rtc_grd\S1C_IW_GRDH_1SDV_20260703T092204_20260703T092218_008377_010935_754B_COG_rtc_db.tif
S1C,Sentinel-1,SAR,ESA / Copernicus,유럽연합(EU),2026-07-03 21:21:50,42.249125,130.893463,"북한, 중국",,S1C_IW_GRDH_1SDV_20260703T212150_20260703T212215_008384_010976_32AE_COG.zip,,X:\02_Analysis\20260708_Flood\Sentinel-1\S1C_IW_GRDH_1SDV_20260703T212150_20260703T212215_008384_010976_32AE_COG.zip
S1C,Sentinel-1,SAR,ESA / Copernicus,유럽연합(EU),2026-07-03 21:21:50,42.24928,130.90077,"북한, 중국",,S1C_IW_GRDH_1SDV_20260703T212150_20260703T212215_008384_010976_32AE_COG_rtc_db.tif,,X:\02_Analysis\20260708_Flood\Sentinel-1\rtc_grd\S1C_IW_GRDH_1SDV_20260703T212150_20260703T212215_008384_010976_32AE_COG_rtc_db.tif
S1C,Sentinel-1,SAR,ESA / Copernicus,유럽연합(EU),2026-07-03 21:22:15,40.748418,130.540337,북한,,S1C_IW_GRDH_1SDV_20260703T212215_20260703T212240_008384_010976_64DE_COG.zip,,X:\02_Analysis\20260708_Flood\Sentinel-1\S1C_IW_GRDH_1SDV_20260703T212215_20260703T212240_008384_010976_64DE_COG.zip
S1C,Sentinel-1,SAR,ESA / Copernicus,유럽연합(EU),2026-07-03 21:22:15,40.74957,130.557556,북한,,S1C_IW_GRDH_1SDV_20260703T212215_20260703T212240_008384_010976_64DE_COG_rtc_db.tif,,X:\02_Analysis\20260708_Flood\Sentinel-1\rtc_grd\S1C_IW_GRDH_1SDV_20260703T212215_20260703T212240_008384_010976_64DE_COG_rtc_db.tif
S1C,Sentinel-1,SAR,ESA / Copernicus,유럽연합(EU),2026-07-03 21:22:40,39.246924,130.193954,"강원, 북한",,S1C_IW_GRDH_1SDV_20260703T212240_20260703T212305_008384_010976_5C3C_COG.zip,[자매 제품 좌표로 지역 보완: S1C_IW_GRDH_1SDV_20260703T212240_20260703T212305_008384_010976_5C3C_COG_rtc_db.tif],X:\02_Analysis\20260708_Flood\Sentinel-1\S1C_IW_GRDH_1SDV_20260703T212240_20260703T212305_008384_010976_5C3C_COG.zip
S1C,Sentinel-1,SAR,ESA / Copernicus,유럽연합(EU),2026-07-03 21:22:40,39.246684,130.209956,"강원, 북한",,S1C_IW_GRDH_1SDV_20260703T212240_20260703T212305_008384_010976_5C3C_COG_rtc_db.tif,,X:\02_Analysis\20260708_Flood\Sentinel-1\rtc_grd\S1C_IW_GRDH_1SDV_20260703T212240_20260703T212305_008384_010976_5C3C_COG_rtc_db.tif
S1C,Sentinel-1,SAR,ESA / Copernicus,유럽연합(EU),2026-07-03 21:23:04,37.764841,129.880726,"강원, 충북, 경북",,S1C_IW_SLC__1SDV_20260703T212304_20260703T212331_008384_010976_D560.zip,,X:\02_Analysis\20260708_Flood\Sentinel-1\SLC\S1C_IW_SLC__1SDV_20260703T212304_20260703T212331_008384_010976_D560.zip
S1C,Sentinel-1,SAR,ESA / Copernicus,유럽연합(EU),2026-07-03 21:23:05,37.744669,129.854012,"강원, 충북, 경북",,S1C_IW_GRDH_1SDV_20260703T212305_20260703T212330_008384_010976_9A73_COG.zip,,X:\02_Analysis\20260708_Flood\Sentinel-1\S1C_IW_GRDH_1SDV_20260703T212305_20260703T212330_008384_010976_9A73_COG.zip
S1C,Sentinel-1,SAR,ESA / Copernicus,유럽연합(EU),2026-07-03 21:23:05,37.744372,129.866325,"강원, 충북, 경북, 북한",,S1C_IW_GRDH_1SDV_20260703T212305_20260703T212330_008384_010976_9A73_COG_rtc_db.tif,,X:\02_Analysis\20260708_Flood\Sentinel-1\rtc_grd\S1C_IW_GRDH_1SDV_20260703T212305_20260703T212330_008384_010976_9A73_COG_rtc_db.tif
S1C,Sentinel-1,SAR,ESA / Copernicus,유럽연합(EU),2026-07-03 21:23:29,36.243032,129.542824,"대구, 울산, 강원, 충북, 경북, 경남",,S1C_IW_SLC__1SDV_20260703T212329_20260703T212357_008384_010976_43D6.zip,,X:\02_Analysis\20260708_Flood\Sentinel-1\SLC\S1C_IW_SLC__1SDV_20260703T212329_20260703T212357_008384_010976_43D6.zip
S1C,Sentinel-1,SAR,ESA / Copernicus,유럽연합(EU),2026-07-03 21:23:30,36.241753,129.519611,"대구, 울산, 강원, 충북, 경북, 경남",,S1C_IW_GRDH_1SDV_20260703T212330_20260703T212355_008384_010976_BB45_COG.zip,,X:\02_Analysis\20260708_Flood\Sentinel-1\S1C_IW_GRDH_1SDV_20260703T212330_20260703T212355_008384_010976_BB45_COG.zip
S1C,Sentinel-1,SAR,ESA / Copernicus,유럽연합(EU),2026-07-03 21:23:30,36.241726,129.531735,"부산, 대구, 울산, 강원, 충북, 경북, 경남",,S1C_IW_GRDH_1SDV_20260703T212330_20260703T212355_008384_010976_BB45_COG_rtc_db.tif,,X:\02_Analysis\20260708_Flood\Sentinel-1\rtc_grd\S1C_IW_GRDH_1SDV_20260703T212330_20260703T212355_008384_010976_BB45_COG_rtc_db.tif
S1C,Sentinel-1,SAR,ESA / Copernicus,유럽연합(EU),2026-07-03 21:23:55,34.838457,129.21196,"부산, 대구, 울산, 전남, 경북, 경남",,S1C_IW_GRDH_1SDV_20260703T212355_20260703T212417_008384_010976_6942_COG.zip,,X:\02_Analysis\20260708_Flood\Sentinel-1\S1C_IW_GRDH_1SDV_20260703T212355_20260703T212417_008384_010976_6942_COG.zip
S1C,Sentinel-1,SAR,ESA / Copernicus,유럽연합(EU),2026-07-03 21:23:55,34.857488,129.242331,"부산, 대구, 울산, 전남, 경북, 경남",,S1C_IW_SLC__1SDV_20260703T212355_20260703T212417_008384_010976_8105.zip,,X:\02_Analysis\20260708_Flood\Sentinel-1\SLC\S1C_IW_SLC__1SDV_20260703T212355_20260703T212417_008384_010976_8105.zip
S1C,Sentinel-1,SAR,ESA / Copernicus,유럽연합(EU),2026-07-03 21:23:55,34.838347,129.223126,"부산, 대구, 울산, 전남, 경북, 경남, 일본",,S1C_IW_GRDH_1SDV_20260703T212355_20260703T212417_008384_010976_6942_COG_rtc_db.tif,,X:\02_Analysis\20260708_Flood\Sentinel-1\rtc_grd\S1C_IW_GRDH_1SDV_20260703T212355_20260703T212417_008384_010976_6942_COG_rtc_db.tif
S1D,Sentinel-1,SAR,ESA / Copernicus,유럽연합(EU),2026-07-04 09:16:12,42.495079,129.567448,"북한, 중국",,S1D_IW_GRDH_1SDV_20260704T091612_20260704T091642_003522_0063DF_1571_COG.zip,,X:\02_Analysis\20260708_Flood\Sentinel-1\S1D_IW_GRDH_1SDV_20260704T091612_20260704T091642_003522_0063DF_1571_COG.zip
S1D,Sentinel-1,SAR,ESA / Copernicus,유럽연합(EU),2026-07-04 21:15:59,34.370425,131.224667,일본,,S1D_IW_GRDH_1SDV_20260704T211559_20260704T211628_003529_00641D_F598_COG.zip,,X:\02_Analysis\20260708_Flood\Sentinel-1\S1D_IW_GRDH_1SDV_20260704T211559_20260704T211628_003529_00641D_F598_COG.zip
S1D,Sentinel-1,SAR,ESA / Copernicus,유럽연합(EU),2026-07-04 21:16:28,32.736493,130.873165,일본,,S1D_IW_GRDH_1SDV_20260704T211628_20260704T211653_003529_00641D_F05D_COG.zip,,X:\02_Analysis\20260708_Flood\Sentinel-1\S1D_IW_GRDH_1SDV_20260704T211628_20260704T211653_003529_00641D_F05D_COG.zip
S2C,Sentinel-2,광학,ESA / Copernicus,유럽연합(EU),2026-07-05 02:15:31,35.617957,126.29357,"광주, 충남, 전북, 전남",,S2C_MSIL2A_20260705T021531_N0512_R003_T52SBE_20260705T054616,"구름량 정보 없음 (원본 MTD_MSIL2A.xml 미보관, 지수 산출물만 존재)",X:\02_Analysis\20260708_Flood\Sentinel-2\S2_Indices\S2C_MSIL2A_20260705T021531_N0512_R003_T52SBE_20260705T054616
S2C,Sentinel-2,광학,ESA / Copernicus,유럽연합(EU),2026-07-05 02:15:31,37.418642,126.230065,"서울, 인천, 경기, 충남, 북한",,S2C_MSIL2A_20260705T021531_N0512_R003_T52SBG_20260705T054616,"구름량 정보 없음 (원본 MTD_MSIL2A.xml 미보관, 지수 산출물만 존재)",X:\02_Analysis\20260708_Flood\Sentinel-2\S2_Indices\S2C_MSIL2A_20260705T021531_N0512_R003_T52SBG_20260705T054616
S2C,Sentinel-2,광학,ESA / Copernicus,유럽연합(EU),2026-07-05 02:15:31,36.539058,127.378987,"대전, 세종, 경기, 충북, 충남, 전북, 경북",,S2C_MSIL2A_20260705T021531_N0512_R003_T52SCF_20260705T054616,"구름량 정보 없음 (원본 MTD_MSIL2A.xml 미보관, 지수 산출물만 존재)",X:\02_Analysis\20260708_Flood\Sentinel-2\S2_Indices\S2C_MSIL2A_20260705T021531_N0512_R003_T52SCF_20260705T054616
S2C,Sentinel-2,광학,ESA / Copernicus,유럽연합(EU),2026-07-05 02:15:31,37.439723,127.359754,"서울, 인천, 경기, 강원, 충북, 충남, 북한",,S2C_MSIL2A_20260705T021531_N0512_R003_T52SCG_20260705T054616,"구름량 정보 없음 (원본 MTD_MSIL2A.xml 미보관, 지수 산출물만 존재)",X:\02_Analysis\20260708_Flood\Sentinel-2\S2_Indices\S2C_MSIL2A_20260705T021531_N0512_R003_T52SCG_20260705T054616
S2C,Sentinel-2,광학,ESA / Copernicus,유럽연합(EU),2026-07-05 02:15:31,36.549009,128.495627,"강원, 충북, 경북",,S2C_MSIL2A_20260705T021531_N0512_R003_T52SDF_20260705T054616,"구름량 정보 없음 (원본 MTD_MSIL2A.xml 미보관, 지수 산출물만 존재)",X:\02_Analysis\20260708_Flood\Sentinel-2\S2_Indices\S2C_MSIL2A_20260705T021531_N0512_R003_T52SDF_20260705T054616
S1C,Sentinel-1,SAR,ESA / Copernicus,유럽연합(EU),2026-07-06 21:46:28,42.469748,124.786461,중국,,S1C_IW_GRDH_1SDV_20260706T214628_20260706T214653_008428_010ACE_6668_COG.zip,,X:\02_Analysis\20260708_Flood\Sentinel-1\S1C_IW_GRDH_1SDV_20260706T214628_20260706T214653_008428_010ACE_6668_COG.zip
S1C,Sentinel-1,SAR,ESA / Copernicus,유럽연합(EU),2026-07-06 21:46:28,42.469921,124.807425,중국,,S1C_IW_GRDH_1SDV_20260706T214628_20260706T214653_008428_010ACE_6668_COG_rtc_db.tif,,X:\02_Analysis\20260708_Flood\Sentinel-1\rtc_grd\S1C_IW_GRDH_1SDV_20260706T214628_20260706T214653_008428_010ACE_6668_COG_rtc_db.tif
S1C,Sentinel-1,SAR,ESA / Copernicus,유럽연합(EU),2026-07-06 21:46:53,40.968981,124.433048,"북한, 중국",,S1C_IW_GRDH_1SDV_20260706T214653_20260706T214718_008428_010ACE_427D_COG.zip,,X:\02_Analysis\20260708_Flood\Sentinel-1\S1C_IW_GRDH_1SDV_20260706T214653_20260706T214718_008428_010ACE_427D_COG.zip
S1C,Sentinel-1,SAR,ESA / Copernicus,유럽연합(EU),2026-07-06 21:46:53,40.968307,124.447772,"북한, 중국",,S1C_IW_GRDH_1SDV_20260706T214653_20260706T214718_008428_010ACE_427D_COG_rtc_db.tif,,X:\02_Analysis\20260708_Flood\Sentinel-1\rtc_grd\S1C_IW_GRDH_1SDV_20260706T214653_20260706T214718_008428_010ACE_427D_COG_rtc_db.tif
S1C,Sentinel-1,SAR,ESA / Copernicus,유럽연합(EU),2026-07-06 21:47:18,39.466992,124.090317,"북한, 중국",,S1C_IW_GRDH_1SDV_20260706T214718_20260706T214743_008428_010ACE_74FD_COG.zip,,X:\02_Analysis\20260708_Flood\Sentinel-1\S1C_IW_GRDH_1SDV_20260706T214718_20260706T214743_008428_010ACE_74FD_COG.zip
S1C,Sentinel-1,SAR,ESA / Copernicus,유럽연합(EU),2026-07-06 21:47:18,39.466999,124.107725,"북한, 중국",,S1C_IW_GRDH_1SDV_20260706T214718_20260706T214743_008428_010ACE_74FD_COG_rtc_db.tif,,X:\02_Analysis\20260708_Flood\Sentinel-1\rtc_grd\S1C_IW_GRDH_1SDV_20260706T214718_20260706T214743_008428_010ACE_74FD_COG_rtc_db.tif
S1C,Sentinel-1,SAR,ESA / Copernicus,유럽연합(EU),2026-07-06 21:47:43,37.964481,123.751818,"인천, 북한, 중국",,S1C_IW_GRDH_1SDV_20260706T214743_20260706T214808_008428_010ACE_F040_COG.zip,,X:\02_Analysis\20260708_Flood\Sentinel-1\S1C_IW_GRDH_1SDV_20260706T214743_20260706T214808_008428_010ACE_F040_COG.zip
S1C,Sentinel-1,SAR,ESA / Copernicus,유럽연합(EU),2026-07-06 21:47:43,37.964165,123.764064,"인천, 북한, 중국",,S1C_IW_GRDH_1SDV_20260706T214743_20260706T214808_008428_010ACE_F040_COG_rtc_db.tif,,X:\02_Analysis\20260708_Flood\Sentinel-1\rtc_grd\S1C_IW_GRDH_1SDV_20260706T214743_20260706T214808_008428_010ACE_F040_COG_rtc_db.tif
S1C,Sentinel-1,SAR,ESA / Copernicus,유럽연합(EU),2026-07-06 21:48:08,36.762849,123.482897,중국,,S1C_IW_GRDH_1SDV_20260706T214808_20260706T214823_008428_010ACE_4D62_COG.zip,,X:\02_Analysis\20260708_Flood\Sentinel-1\S1C_IW_GRDH_1SDV_20260706T214808_20260706T214823_008428_010ACE_4D62_COG.zip
S1C,Sentinel-1,SAR,ESA / Copernicus,유럽연합(EU),2026-07-06 21:48:08,36.762786,123.491227,중국,,S1C_IW_GRDH_1SDV_20260706T214808_20260706T214823_008428_010ACE_4D62_COG_rtc_db.tif,,X:\02_Analysis\20260708_Flood\Sentinel-1\rtc_grd\S1C_IW_GRDH_1SDV_20260706T214808_20260706T214823_008428_010ACE_4D62_COG_rtc_db.tif
S2B,Sentinel-2,광학,ESA / Copernicus,유럽연합(EU),2026-07-07 02:06:49,36.549009,128.495627,"강원, 충북, 경북",,S2B_MSIL2A_20260707T020649_N0512_R103_T52SDF_20260707T041450,"구름량 정보 없음 (원본 MTD_MSIL2A.xml 미보관, 지수 산출물만 존재)",X:\02_Analysis\20260708_Flood\Sentinel-2\S2_Indices\S2B_MSIL2A_20260707T020649_N0512_R103_T52SDF_20260707T041450
PlanetScope,PlanetScope,광학,Planet Labs PBC,미국,2026-07-07 02:19:02,37.270895,127.318657,경기,20.73,20260707_021902_67_24d8_3B_AnalyticMS_8b,,X:\02_Analysis\20260708_Flood\PlanetScope\urn_ogc_def_EOP_PLANET_PT01N37_256900E127_1497582026070700000000MS00-product.zip
PlanetScope,PlanetScope,광학,Planet Labs PBC,미국,2026-07-07 02:19:05,37.123211,127.27846,"경기, 충북",15.52,20260707_021905_03_24d8_3B_AnalyticMS_8b,,X:\02_Analysis\20260708_Flood\PlanetScope\urn_ogc_def_EOP_PLANET_PT01N37_187368E127_1295482026070700000000MS00-product.zip
PlanetScope,PlanetScope,광학,Planet Labs PBC,미국,2026-07-07 02:21:15,37.381381,127.297758,"서울, 경기",26.5,20260707_022115_81_255e_3B_AnalyticMS_8b,,X:\02_Analysis\20260708_Flood\PlanetScope\urn_ogc_def_EOP_PLANET_PT01N37_314503E127_1394262026070700000000MS00-product.zip
PlanetScope,PlanetScope,광학,Planet Labs PBC,미국,2026-07-07 02:21:18,37.234968,127.257115,경기,25.06,20260707_022118_15_255e_3B_AnalyticMS_8b,,X:\02_Analysis\20260708_Flood\PlanetScope\urn_ogc_def_EOP_PLANET_PT01N37_242529E127_1191492026070700000000MS00-product.zip
PlanetScope,PlanetScope,광학,Planet Labs PBC,미국,2026-07-07 02:21:20,37.088821,127.216687,"경기, 충북, 충남",9.79,20260707_022120_50_255e_3B_AnalyticMS_8b,,X:\02_Analysis\20260708_Flood\PlanetScope\urn_ogc_def_EOP_PLANET_PT01N37_169197E127_0950612026070700000000MS00-product.zip
PlanetScope,PlanetScope,광학,Planet Labs PBC,미국,2026-07-07 02:55:16,37.477408,126.954502,"서울, 인천, 경기",26.12,20260707_025516_73_2527_3B_AnalyticMS_8b,,X:\02_Analysis\20260708_Flood\PlanetScope\urn_ogc_def_EOP_PLANET_PT01N37_369771E127_0339962026070700000000MS00-product.zip
PlanetScope,PlanetScope,광학,Planet Labs PBC,미국,2026-07-07 02:55:18,37.339135,126.916438,"서울, 인천, 경기",16.87,20260707_025518_93_2527_3B_AnalyticMS_8b,,X:\02_Analysis\20260708_Flood\PlanetScope\urn_ogc_def_EOP_PLANET_PT01N37_300332E126_9976942026070700000000MS00-product.zip
PlanetScope,PlanetScope,광학,Planet Labs PBC,미국,2026-07-07 02:55:21,37.200564,126.878884,경기,21.61,20260707_025521_13_2527_3B_AnalyticMS_8b,,X:\02_Analysis\20260708_Flood\PlanetScope\urn_ogc_def_EOP_PLANET_PT01N37_222518E126_9790532026070700000000MS00-product.zip
S1D,Sentinel-1,SAR,ESA / Copernicus,유럽연합(EU),2026-07-07 09:39:54,38.9389,124.197558,"북한, 중국",,S1D_IW_GRDH_1SDV_20260707T093954_20260707T094024_003566_006556_5D47_COG.zip,,X:\02_Analysis\20260708_Flood\Sentinel-1\S1D_IW_GRDH_1SDV_20260707T093954_20260707T094024_003566_006556_5D47_COG.zip
S1D,Sentinel-1,SAR,ESA / Copernicus,유럽연합(EU),2026-07-07 09:40:24,40.828234,123.761561,"북한, 중국",,S1D_IW_GRDH_1SDV_20260707T094024_20260707T094057_003566_006556_525F_COG.zip,,X:\02_Analysis\20260708_Flood\Sentinel-1\S1D_IW_GRDH_1SDV_20260707T094024_20260707T094057_003566_006556_525F_COG.zip
S1C,Sentinel-1,SAR,ESA / Copernicus,유럽연합(EU),2026-07-08 09:29:44,32.541688,127.646307,제주,,S1C_IW_GRDH_1SDV_20260708T092944_20260708T093008_008450_010B8F_3167_COG.zip,[자매 제품 좌표로 지역 보완: S1C_IW_GRDH_1SDV_20260708T092944_20260708T093008_008450_010B8F_3167_COG_rtc_db.tif],X:\02_Analysis\20260708_Flood\Sentinel-1\S1C_IW_GRDH_1SDV_20260708T092944_20260708T093008_008450_010B8F_3167_COG.zip
S1C,Sentinel-1,SAR,ESA / Copernicus,유럽연합(EU),2026-07-08 09:29:44,32.541161,127.635386,제주,,S1C_IW_GRDH_1SDV_20260708T092944_20260708T093008_008450_010B8F_3167_COG_rtc_db.tif,,X:\02_Analysis\20260708_Flood\Sentinel-1\rtc_grd\S1C_IW_GRDH_1SDV_20260708T092944_20260708T093008_008450_010B8F_3167_COG_rtc_db.tif
KOMPSAT-5,Kompsat-5,SAR,KARI (한국항공우주연구원),대한민국,2026-07-09 09:44:50,37.162433,126.822441,"경기, 충남",,K5_20260709094450_000010_70725_D_ES01_VV_GTC_A_L1D,,X:\02_Analysis\20260708_Flood\Kompsat-5\260709\K5_20260709094450_000010_70725_D_ES01_VV_GTC_A_L1D\K5_20260709094450_000010_70725_D_ES01_VV_GTC_A_L1D.kml
KOMPSAT-5,Kompsat-5,SAR,KARI (한국항공우주연구원),대한민국,2026-07-09 09:45:05,36.257657,126.595818,"충남, 전북",,K5_20260709094505_000010_70725_D_ES01_VV_GTC_A_L1D,,X:\02_Analysis\20260708_Flood\Kompsat-5\260709\K5_20260709094505_000010_70725_D_ES01_VV_GTC_A_L1D\K5_20260709094505_000010_70725_D_ES01_VV_GTC_A_L1D.kml
S2B,Sentinel-2,광학,ESA / Copernicus,유럽연합(EU),2026-07-10 02:15:29,35.617957,126.29357,"광주, 충남, 전북, 전남",,S2B_MSIL2A_20260710T021529_N0512_R003_T52SBE_20260710T042556,"구름량 정보 없음 (원본 MTD_MSIL2A.xml 미보관, 지수 산출물만 존재)",X:\02_Analysis\20260708_Flood\Sentinel-2\S2_Indices\S2B_MSIL2A_20260710T021529_N0512_R003_T52SBE_20260710T042556
S2B,Sentinel-2,광학,ESA / Copernicus,유럽연합(EU),2026-07-10 02:15:29,37.418642,126.230065,"서울, 인천, 경기, 충남, 북한",,S2B_MSIL2A_20260710T021529_N0512_R003_T52SBG_20260710T042556,"구름량 정보 없음 (원본 MTD_MSIL2A.xml 미보관, 지수 산출물만 존재)",X:\02_Analysis\20260708_Flood\Sentinel-2\S2_Indices\S2B_MSIL2A_20260710T021529_N0512_R003_T52SBG_20260710T042556
S2B,Sentinel-2,광학,ESA / Copernicus,유럽연합(EU),2026-07-10 02:15:29,36.539058,127.378987,"대전, 세종, 경기, 충북, 충남, 전북, 경북",,S2B_MSIL2A_20260710T021529_N0512_R003_T52SCF_20260710T042556,"구름량 정보 없음 (원본 MTD_MSIL2A.xml 미보관, 지수 산출물만 존재)",X:\02_Analysis\20260708_Flood\Sentinel-2\S2_Indices\S2B_MSIL2A_20260710T021529_N0512_R003_T52SCF_20260710T042556
S2B,Sentinel-2,광학,ESA / Copernicus,유럽연합(EU),2026-07-10 02:15:29,37.439723,127.359754,"서울, 인천, 경기, 강원, 충북, 충남, 북한",,S2B_MSIL2A_20260710T021529_N0512_R003_T52SCG_20260710T042556,"구름량 정보 없음 (원본 MTD_MSIL2A.xml 미보관, 지수 산출물만 존재)",X:\02_Analysis\20260708_Flood\Sentinel-2\S2_Indices\S2B_MSIL2A_20260710T021529_N0512_R003_T52SCG_20260710T042556
S2B,Sentinel-2,광학,ESA / Copernicus,유럽연합(EU),2026-07-10 02:15:29,36.549009,128.495627,"강원, 충북, 경북",,S2B_MSIL2A_20260710T021529_N0512_R003_T52SDF_20260710T042556,"구름량 정보 없음 (원본 MTD_MSIL2A.xml 미보관, 지수 산출물만 존재)",X:\02_Analysis\20260708_Flood\Sentinel-2\S2_Indices\S2B_MSIL2A_20260710T021529_N0512_R003_T52SDF_20260710T042556
TanDEM-X,Tandem-X,SAR,DLR (독일항공우주센터),독일,2026-07-10 09:12:55,36.48469,128.269411,"충북, 경북",,TDX1_SAR__EEC_RE___SM_S_SRA_20260710T091255_20260710T091303,,X:\02_Analysis\20260708_Flood\Tandem-X\urn_ogc_def_EOP_DLR_C634_N35_A_SM_strip_001_R_2026-07-10T09_12_55_978571Z-product.tar.gz!dims_op_oc_dfd2_699868536_1/TSX-1.SAR.L1B/TDX1_SAR__EEC_RE___SM_S_SRA_20260710T091255_20260710T091303/SUPPORT/GEARTH_POLY.kml
TanDEM-X,TerraSAR-X,SAR,DLR (독일항공우주센터),독일,2026-07-10 09:12:55,36.48469,128.269411,"충북, 경북",,TDX1_SAR__EEC_RE___SM_S_SRA_20260710T091255_20260710T091303,,X:\02_Analysis\20260708_Flood\TerraSAR-X\urn_ogc_def_EOP_DLR_C634_N35_A_SM_strip_001_R_2026-07-10T09_12_55_978571Z-product.tar.gz!dims_op_oc_dfd2_699868536_1/TSX-1.SAR.L1B/TDX1_SAR__EEC_RE___SM_S_SRA_20260710T091255_20260710T091303/SUPPORT/GEARTH_POLY.kml
S1C,Sentinel-1,SAR,ESA / Copernicus,유럽연합(EU),2026-07-10 09:13:18,32.682341,131.734917,일본,,S1C_IW_GRDH_1SDV_20260710T091318_20260710T091343_008479_010C8A_E067_COG.zip,,X:\02_Analysis\20260708_Flood\Sentinel-1\S1C_IW_GRDH_1SDV_20260710T091318_20260710T091343_008479_010C8A_E067_COG.zip
S1C,Sentinel-1,SAR,ESA / Copernicus,유럽연합(EU),2026-07-10 09:13:18,32.682178,131.721306,일본,,S1C_IW_GRDH_1SDV_20260710T091318_20260710T091343_008479_010C8A_E067_COG_rtc_db.tif,,X:\02_Analysis\20260708_Flood\Sentinel-1\rtc_grd\S1C_IW_GRDH_1SDV_20260710T091318_20260710T091343_008479_010C8A_E067_COG_rtc_db.tif
S1C,Sentinel-1,SAR,ESA / Copernicus,유럽연합(EU),2026-07-10 09:13:43,34.523405,131.334942,일본,,S1C_IW_GRDH_1SDV_20260710T091343_20260710T091420_008479_010C8A_4C8A_COG.zip,,X:\02_Analysis\20260708_Flood\Sentinel-1\S1C_IW_GRDH_1SDV_20260710T091343_20260710T091420_008479_010C8A_4C8A_COG.zip
S1C,Sentinel-1,SAR,ESA / Copernicus,유럽연합(EU),2026-07-10 09:13:43,34.522514,131.319662,일본,,S1C_IW_GRDH_1SDV_20260710T091343_20260710T091420_008479_010C8A_4C8A_COG_rtc_db.tif,,X:\02_Analysis\20260708_Flood\Sentinel-1\rtc_grd\S1C_IW_GRDH_1SDV_20260710T091343_20260710T091420_008479_010C8A_4C8A_COG_rtc_db.tif
EOS-04,EOS-04,SAR,ISRO (인도우주연구기구),인도,2026-07-10 09:21:04,36.422747,127.428289,"대전, 세종, 충북, 충남",,urn_ogc_def_EOP_ISRO_IRS_265336151_E04_SAR_FR1_10JUL2026_24304_338_6_ANT_STUC00ETD_H_HV_A_F-product.zip,,X:\02_Analysis\20260708_Flood\EOS-04\urn_ogc_def_EOP_ISRO_IRS_265336151_E04_SAR_FR1_10JUL2026_24304_338_6_ANT_STUC00ETD_H_HV_A_F-product.zip
EOS-04,EOS-04,SAR,ISRO (인도우주연구기구),인도,2026-07-10 09:21:07,36.58457,127.394835,"대전, 세종, 충북, 충남",,urn_ogc_def_EOP_ISRO_IRS_265336161_E04_SAR_FR1_10JUL2026_24304_338_7_ANT_STUC00ETD_H_HV_A_F-product.zip,,X:\02_Analysis\20260708_Flood\EOS-04\urn_ogc_def_EOP_ISRO_IRS_265336161_E04_SAR_FR1_10JUL2026_24304_338_7_ANT_STUC00ETD_H_HV_A_F-product.zip
EOS-04,EOS-04,SAR,ISRO (인도우주연구기구),인도,2026-07-10 09:21:19,37.376985,127.215469,"서울, 경기",,urn_ogc_def_EOP_ISRO_IRS_2653361101_E04_SAR_FR1_10JUL2026_24304_338_12_ANT_STUC00ETD_H_HV_A_F-product.zip,,X:\02_Analysis\20260708_Flood\EOS-04\urn_ogc_def_EOP_ISRO_IRS_2653361101_E04_SAR_FR1_10JUL2026_24304_338_12_ANT_STUC00ETD_H_HV_A_F-product.zip
KOMPSAT-5,Kompsat-5,SAR,KARI (한국항공우주연구원),대한민국,2026-07-10 09:41:19,37.412061,127.128819,"서울, 경기",,K5_20260710094119_004037_70740_D_ES03_VV_GTC_A_L1D,,X:\02_Analysis\20260708_Flood\Kompsat-5\260710\K5_20260710094119_004037_70740_D_ES03_VV_GTC_A_L1D\K5_20260710094119_004037_70740_D_ES03_VV_GTC_A_L1D.kml
KOMPSAT-5,Kompsat-5,SAR,KARI (한국항공우주연구원),대한민국,2026-07-10 09:41:19,37.161084,127.0656,경기,,K5_20260710094119_008075_70740_D_ES03_VV_GTC_A_L1D,,X:\02_Analysis\20260708_Flood\Kompsat-5\260710\K5_20260710094119_008075_70740_D_ES03_VV_GTC_A_L1D\K5_20260710094119_008075_70740_D_ES03_VV_GTC_A_L1D.kml
KOMPSAT-5,Kompsat-5,SAR,KARI (한국항공우주연구원),대한민국,2026-07-10 09:41:34,36.623561,127.178086,"대전, 세종, 충북, 충남",,K5_20260710094134_000010_70740_D_ES02_VV_GTC_A_L1D,,X:\02_Analysis\20260708_Flood\Kompsat-5\260710\K5_20260710094134_000010_70740_D_ES02_VV_GTC_A_L1D\K5_20260710094134_000010_70740_D_ES02_VV_GTC_A_L1D.kml
KOMPSAT-5,Kompsat-5,SAR,KARI (한국항공우주연구원),대한민국,2026-07-10 09:41:34,36.373897,127.118163,"대전, 세종, 충남",,K5_20260710094134_004037_70740_D_ES02_VV_GTC_A_L1D,,X:\02_Analysis\20260708_Flood\Kompsat-5\260710\K5_20260710094134_004037_70740_D_ES02_VV_GTC_A_L1D\K5_20260710094134_004037_70740_D_ES02_VV_GTC_A_L1D.kml
KOMPSAT-5,Kompsat-5,SAR,KARI (한국항공우주연구원),대한민국,2026-07-10 09:41:34,36.122496,127.053185,"대전, 충남, 전북",,K5_20260710094134_008075_70740_D_ES02_VV_GTC_A_L1D,,X:\02_Analysis\20260708_Flood\Kompsat-5\260710\K5_20260710094134_008075_70740_D_ES02_VV_GTC_A_L1D\K5_20260710094134_008075_70740_D_ES02_VV_GTC_A_L1D.kml
KOMPSAT-5,Kompsat-5,SAR,KARI (한국항공우주연구원),대한민국,2026-07-10 09:41:34,35.891495,127.000476,"충남, 전북",,K5_20260710094134_012112_70740_D_ES02_VV_GTC_A_L1D,,X:\02_Analysis\20260708_Flood\Kompsat-5\260710\K5_20260710094134_012112_70740_D_ES02_VV_GTC_A_L1D\K5_20260710094134_012112_70740_D_ES02_VV_GTC_A_L1D.kml
RCM-1,RCM,SAR,CSA (Canadian Space Agency),캐나다,2026-07-10 21:26:03,37.340759,127.092185,경기,,urn_ogc_def_EOP_CSA_RCM1_OK4255903_PK4258163_1_5M22_20260710_212603_HH_HV_GRD-product (1).zip,,X:\02_Analysis\20260708_Flood\RCM\urn_ogc_def_EOP_CSA_RCM1_OK4255903_PK4258163_1_5M22_20260710_212603_HH_HV_GRD-product (1).zip
RCM-1,RCM,SAR,CSA (Canadian Space Agency),캐나다,2026-07-10 21:26:03,37.122952,127.052444,경기,,urn_ogc_def_EOP_CSA_RCM1_OK4255903_PK4258163_2_5M22_20260710_212603_HH_HV_GRD-product.zip,,X:\02_Analysis\20260708_Flood\RCM\urn_ogc_def_EOP_CSA_RCM1_OK4255903_PK4258163_2_5M22_20260710_212603_HH_HV_GRD-product.zip
RCM-1,RCM,SAR,CSA (Canadian Space Agency),캐나다,2026-07-10 21:26:15,36.535894,128.208756,경북,,urn_ogc_def_EOP_CSA_RCM1_OK4255903_PK4258165_1_5M17_20260710_212615_HH_HV_GRD-product.zip,,X:\02_Analysis\20260708_Flood\RCM\urn_ogc_def_EOP_CSA_RCM1_OK4255903_PK4258165_1_5M17_20260710_212615_HH_HV_GRD-product.zip
RCM-1,RCM,SAR,CSA (Canadian Space Agency),캐나다,2026-07-10 21:26:21,36.151334,126.877194,충남,,urn_ogc_def_EOP_CSA_RCM1_OK4255903_PK4258164_1_5M22_20260710_212621_HH_HV_GRD-product.zip,,X:\02_Analysis\20260708_Flood\RCM\urn_ogc_def_EOP_CSA_RCM1_OK4255903_PK4258164_1_5M22_20260710_212621_HH_HV_GRD-product.zip
RCM-1,RCM,SAR,CSA (Canadian Space Agency),캐나다,2026-07-10 21:26:21,35.910761,126.833904,전북,,urn_ogc_def_EOP_CSA_RCM1_OK4255903_PK4258164_2_5M22_20260710_212621_HH_HV_GRD-product.zip,,X:\02_Analysis\20260708_Flood\RCM\urn_ogc_def_EOP_CSA_RCM1_OK4255903_PK4258164_2_5M22_20260710_212621_HH_HV_GRD-product.zip
GF-3,GF3,SAR,CNSA (China National Space Administration),중국,2026-07-10 21:47:38,37.409215,127.174173,"서울, 경기",,GF3_SYC_FSI_052206_E127.2_N37.4_20260710_L2_HHHV_L20007397921.meta,,X:\02_Analysis\20260708_Flood\GF3\urn_ogc_def_EOP_CNSA_GF3_FSI_2026-07-10_7397921-product\GF3_SYC_FSI_052206_E127.2_N37.4_20260710_L2_HHHV_L20007397921.meta.xml
GF-3,GF3,SAR,CNSA (China National Space Administration),중국,2026-07-10 21:47:46,36.924913,127.048169,"세종, 경기, 충북, 충남",,GF3_SYC_FSI_052206_E127.0_N36.9_20260710_L2_HHHV_L20007397920.meta,,X:\02_Analysis\20260708_Flood\GF3\urn_ogc_def_EOP_CNSA_GF3_FSI_2026-07-10_7397920-product\GF3_SYC_FSI_052206_E127.0_N36.9_20260710_L2_HHHV_L20007397920.meta.xml
GF-3,GF3,SAR,CNSA (China National Space Administration),중국,2026-07-10 21:47:55,36.441491,126.91748,"세종, 충남, 전북",,GF3_SYC_FSI_052206_E126.9_N36.4_20260710_L2_HHHV_L20007397929.meta,,X:\02_Analysis\20260708_Flood\GF3\urn_ogc_def_EOP_CNSA_GF3_FSI_2026-07-10_7397929-product\GF3_SYC_FSI_052206_E126.9_N36.4_20260710_L2_HHHV_L20007397929.meta.xml
GF-3,GF3,SAR,CNSA (China National Space Administration),중국,2026-07-10 21:48:03,35.957053,126.792821,"충남, 전북",,GF3_SYC_FSI_052206_E126.8_N36.0_20260710_L2_HHHV_L20007397924.meta,,X:\02_Analysis\20260708_Flood\GF3\urn_ogc_def_EOP_CNSA_GF3_FSI_2026-07-10_7397924-product\GF3_SYC_FSI_052206_E126.8_N36.0_20260710_L2_HHHV_L20007397924.meta.xml
KANOPUS-V,KANOPUS_V,광학,Roscosmos,러시아,2026-07-11 00:00:00,36.554042,127.239158,"대전, 세종, 충북, 충남",,fr_KV4_MSS_46839_01_South_Korea_110726.tiff,,X:\02_Analysis\20260708_Flood\KANOPUS_V\fr_KV4_MSS_46839_01_South_Korea_110726.tiff
KANOPUS-V,KANOPUS_V,광학,Roscosmos,러시아,2026-07-11 00:00:00,36.554114,127.248398,"대전, 세종, 충북, 충남",,fr_KV4_PSS_46839_01_South_Korea_110726.tiff,,X:\02_Analysis\20260708_Flood\KANOPUS_V\fr_KV4_PSS_46839_01_South_Korea_110726.tiff
RCM-2,RCM,SAR,CSA (Canadian Space Agency),캐나다,2026-07-11 09:17:41,36.554699,127.306173,세종,,urn_ogc_def_EOP_CSA_RCM2_OK4255903_PK4258681_1_5M1_20260711_091741_HH_HV_GRD-product.zip,,X:\02_Analysis\20260708_Flood\RCM\urn_ogc_def_EOP_CSA_RCM2_OK4255903_PK4258681_1_5M1_20260711_091741_HH_HV_GRD-product.zip
S1C,Sentinel-1,SAR,ESA / Copernicus,유럽연합(EU),2026-07-11 21:54:37,42.756284,122.776392,중국,,S1C_IW_GRDH_1SDV_20260711T215437_20260711T215502_008501_010D48_4685_COG.zip,,X:\02_Analysis\20260708_Flood\Sentinel-1\S1C_IW_GRDH_1SDV_20260711T215437_20260711T215502_008501_010D48_4685_COG.zip
S1C,Sentinel-1,SAR,ESA / Copernicus,유럽연합(EU),2026-07-11 21:54:37,42.75648,122.793724,중국,,S1C_IW_GRDH_1SDV_20260711T215437_20260711T215502_008501_010D48_4685_COG_rtc_db.tif,,X:\02_Analysis\20260708_Flood\Sentinel-1\rtc_grd\S1C_IW_GRDH_1SDV_20260711T215437_20260711T215502_008501_010D48_4685_COG_rtc_db.tif
S2C,Sentinel-2,광학,ESA / Copernicus,유럽연합(EU),2026-07-12 02:06:51,36.549009,128.495627,"강원, 충북, 경북",,S2C_MSIL2A_20260712T020651_N0512_R103_T52SDF_20260712T052609,"구름량 정보 없음 (원본 MTD_MSIL2A.xml 미보관, 지수 산출물만 존재)",X:\02_Analysis\20260708_Flood\Sentinel-2\S2_Indices\S2C_MSIL2A_20260712T020651_N0512_R103_T52SDF_20260712T052609
PlanetScope,PlanetScope,광학,Planet Labs PBC,미국,2026-07-12 02:12:55,36.678099,128.624743,경북,50.63,20260712_021255_96_255a_3B_AnalyticMS_8b,,X:\02_Analysis\20260708_Flood\PlanetScope\urn_ogc_def_EOP_PLANET_PT01N36_607656E128_4152312026071200000000MS00-product.zip
PlanetScope,PlanetScope,광학,Planet Labs PBC,미국,2026-07-12 02:12:58,36.531451,128.584993,경북,63.93,20260712_021258_31_255a_3B_AnalyticMS_8b,,X:\02_Analysis\20260708_Flood\PlanetScope\urn_ogc_def_EOP_PLANET_PT01N36_550245E128_3953532026071200000000MS00-product.zip
PlanetScope,PlanetScope,광학,Planet Labs PBC,미국,2026-07-12 02:13:00,36.384034,128.545389,경북,61.68,20260712_021300_66_255a_3B_AnalyticMS_8b,,X:\02_Analysis\20260708_Flood\PlanetScope\urn_ogc_def_EOP_PLANET_PT01N36_476506E128_3749962026071200000000MS00-product.zip
PlanetScope,PlanetScope,광학,Planet Labs PBC,미국,2026-07-12 02:17:19,37.777238,127.092321,"서울, 경기",16.89,20260712_021719_66_2555_3B_AnalyticMS_8b,,X:\02_Analysis\20260708_Flood\PlanetScope\urn_ogc_def_EOP_PLANET_PT01N37_719742E126_9694742026071200000000MS00-product.zip
PlanetScope,PlanetScope,광학,Planet Labs PBC,미국,2026-07-12 02:17:22,37.628891,127.052582,"서울, 경기",30.18,20260712_021722_03_2555_3B_AnalyticMS_8b,,X:\02_Analysis\20260708_Flood\PlanetScope\urn_ogc_def_EOP_PLANET_PT01N37_680358E126_9484652026071200000000MS00-product.zip
PlanetScope,PlanetScope,광학,Planet Labs PBC,미국,2026-07-12 02:17:24,37.480936,127.013011,"서울, 경기",30.81,20260712_021724_39_2555_3B_AnalyticMS_8b,,X:\02_Analysis\20260708_Flood\PlanetScope\urn_ogc_def_EOP_PLANET_PT01N37_367165E127_0337892026071200000000MS00-product.zip
PlanetScope,PlanetScope,광학,Planet Labs PBC,미국,2026-07-12 02:17:26,37.332558,126.973842,"서울, 인천, 경기",22.25,20260712_021726_76_2555_3B_AnalyticMS_8b,,X:\02_Analysis\20260708_Flood\PlanetScope\urn_ogc_def_EOP_PLANET_PT01N37_293244E127_0339722026071200000000MS00-product.zip
PlanetScope,PlanetScope,광학,Planet Labs PBC,미국,2026-07-12 02:17:29,37.183677,126.934662,경기,33.12,20260712_021729_12_2555_3B_AnalyticMS_8b,,X:\02_Analysis\20260708_Flood\PlanetScope\urn_ogc_def_EOP_PLANET_PT01N37_218009E127_0143502026071200000000MS00-product.zip
PlanetScope,PlanetScope,광학,Planet Labs PBC,미국,2026-07-12 02:17:43,36.294435,126.702346,충남,33.66,20260712_021743_31_2555_3B_AnalyticMS_8b,,X:\02_Analysis\20260708_Flood\PlanetScope\urn_ogc_def_EOP_PLANET_PT01N36_191398E126_8575532026071200000000MS00-product.zip
PlanetScope,PlanetScope,광학,Planet Labs PBC,미국,2026-07-12 02:17:45,36.146446,126.663666,"충남, 전북",16.08,20260712_021745_67_2555_3B_AnalyticMS_8b,,X:\02_Analysis\20260708_Flood\PlanetScope\urn_ogc_def_EOP_PLANET_PT01N36_115408E126_8184982026071200000000MS00-product.zip
PlanetScope,PlanetScope,광학,Planet Labs PBC,미국,2026-07-12 02:17:48,35.998046,126.625486,"충남, 전북",4.08,20260712_021748_04_2555_3B_AnalyticMS_8b,,X:\02_Analysis\20260708_Flood\PlanetScope\urn_ogc_def_EOP_PLANET_PT01N36_050406E126_7990172026071200000000MS00-product.zip
PlanetScope,PlanetScope,광학,Planet Labs PBC,미국,2026-07-12 02:21:55,37.790735,126.842249,"서울, 경기, 북한",33.53,20260712_022155_05_24d8_3B_AnalyticMS_8b,,X:\02_Analysis\20260708_Flood\PlanetScope\urn_ogc_def_EOP_PLANET_PT01N37_728446E126_8927022026071200000000MS00-product.zip
PlanetScope,PlanetScope,광학,Planet Labs PBC,미국,2026-07-12 02:21:57,37.643276,126.800275,"서울, 인천, 경기",42.12,20260712_022157_41_24d8_3B_AnalyticMS_8b,,X:\02_Analysis\20260708_Flood\PlanetScope\urn_ogc_def_EOP_PLANET_PT01N37_689123E126_8699632026071200000000MS00-product.zip
PlanetScope,PlanetScope,광학,Planet Labs PBC,미국,2026-07-12 02:22:02,37.348273,126.718172,"서울, 인천, 경기",13.57,20260712_022202_12_24d8_3B_AnalyticMS_8b,,X:\02_Analysis\20260708_Flood\PlanetScope\urn_ogc_def_EOP_PLANET_PT01N37_288188E126_9062442026071200000000MS00-product.zip
PlanetScope,PlanetScope,광학,Planet Labs PBC,미국,2026-07-12 02:22:04,37.200762,126.677024,"인천, 경기",10.99,20260712_022204_47_24d8_3B_AnalyticMS_8b,,X:\02_Analysis\20260708_Flood\PlanetScope\urn_ogc_def_EOP_PLANET_PT01N37_249631E126_8845362026071200000000MS00-product.zip
PlanetScope,PlanetScope,광학,Planet Labs PBC,미국,2026-07-12 02:49:09,36.744887,127.334714,"세종, 충북, 충남",23.54,20260712_024909_09_24fe_3B_AnalyticMS_8b,,X:\02_Analysis\20260708_Flood\PlanetScope\urn_ogc_def_EOP_PLANET_PT01N36_654542E127_3050342026071200000000MS00-product.zip
PlanetScope,PlanetScope,광학,Planet Labs PBC,미국,2026-07-12 02:49:11,36.605917,127.297723,"대전, 세종, 충북, 충남",36.23,20260712_024911_29_24fe_3B_AnalyticMS_8b,,X:\02_Analysis\20260708_Flood\PlanetScope\urn_ogc_def_EOP_PLANET_PT01N36_585295E127_3061242026071200000000MS00-product.zip
PlanetScope,PlanetScope,광학,Planet Labs PBC,미국,2026-07-12 02:49:13,36.466902,127.261027,"대전, 세종, 충북, 충남",47.32,20260712_024913_50_24fe_3B_AnalyticMS_8b,,X:\02_Analysis\20260708_Flood\PlanetScope\urn_ogc_def_EOP_PLANET_PT01N36_506400E127_3047402026071200000000MS00-product.zip
PlanetScope,PlanetScope,광학,Planet Labs PBC,미국,2026-07-12 02:49:17,36.188661,127.187278,"대전, 충남, 전북",26.16,20260712_024917_91_24fe_3B_AnalyticMS_8b,,X:\02_Analysis\20260708_Flood\PlanetScope\urn_ogc_def_EOP_PLANET_PT01N36_134745E127_0310212026071200000000MS00-product.zip
PlanetScope,PlanetScope,광학,Planet Labs PBC,미국,2026-07-12 02:49:20,36.049534,127.150461,"충남, 전북",27.37,20260712_024920_11_24fe_3B_AnalyticMS_8b,,X:\02_Analysis\20260708_Flood\PlanetScope\urn_ogc_def_EOP_PLANET_PT01N36_063933E127_0127382026071200000000MS00-product.zip
PlanetScope,PlanetScope,광학,Planet Labs PBC,미국,2026-07-12 02:49:22,35.910504,127.113504,전북,25.68,20260712_024922_32_24fe_3B_AnalyticMS_8b,,X:\02_Analysis\20260708_Flood\PlanetScope\urn_ogc_def_EOP_PLANET_PT01N35_992932E126_9854272026071200000000MS00-product.zip
PlanetScope,PlanetScope,광학,Planet Labs PBC,미국,2026-07-12 02:51:27,36.68277,127.554216,"세종, 충북, 충남",26.35,20260712_025127_40_2534_3B_AnalyticMS_8b,,X:\02_Analysis\20260708_Flood\PlanetScope\urn_ogc_def_EOP_PLANET_PT01N36_620593E127_4093072026071200000000MS00-product.zip
PlanetScope,PlanetScope,광학,Planet Labs PBC,미국,2026-07-12 02:51:29,36.54431,127.516868,"대전, 세종, 충북",30.83,20260712_025129_59_2534_3B_AnalyticMS_8b,,X:\02_Analysis\20260708_Flood\PlanetScope\urn_ogc_def_EOP_PLANET_PT01N36_544766E127_3911962026071200000000MS00-product.zip
PlanetScope,PlanetScope,광학,Planet Labs PBC,미국,2026-07-12 02:51:31,36.405811,127.479907,"대전, 세종, 충북, 충남",31.99,20260712_025131_79_2534_3B_AnalyticMS_8b,,X:\02_Analysis\20260708_Flood\PlanetScope\urn_ogc_def_EOP_PLANET_PT01N36_475135E127_3701822026071200000000MS00-product.zip
PlanetScope,PlanetScope,광학,Planet Labs PBC,미국,2026-07-12 02:51:40,36.703692,128.248854,"충북, 경북",56.92,20260712_025140_43_2515_3B_AnalyticMS_8b,,X:\02_Analysis\20260708_Flood\PlanetScope\urn_ogc_def_EOP_PLANET_PT01N36_628517E128_2753092026071200000000MS00-product.zip
PlanetScope,PlanetScope,광학,Planet Labs PBC,미국,2026-07-12 02:51:42,36.572441,128.213018,경북,28.43,20260712_025142_50_2515_3B_AnalyticMS_8b,,X:\02_Analysis\20260708_Flood\PlanetScope\urn_ogc_def_EOP_PLANET_PT01N36_562915E128_2670902026071200000000MS00-product.zip
PlanetScope,PlanetScope,광학,Planet Labs PBC,미국,2026-07-12 02:51:44,36.441332,128.177264,경북,48.03,20260712_025144_57_2515_3B_AnalyticMS_8b,,X:\02_Analysis\20260708_Flood\PlanetScope\urn_ogc_def_EOP_PLANET_PT01N36_499499E128_2489282026071200000000MS00-product.zip
EOS-04,EOS-04,SAR,ISRO (인도우주연구기구),인도,2026-07-12 08:58:47,35.888695,126.980279,전북,,urn_ogc_def_EOP_ISRO_IRS_265385431_E04_SAR_FR1_12JUL2026_24337_382_3_ANT_STUC00ETD_H_HV_A_F-product.zip,,X:\02_Analysis\20260708_Flood\EOS-04\urn_ogc_def_EOP_ISRO_IRS_265385431_E04_SAR_FR1_12JUL2026_24337_382_3_ANT_STUC00ETD_H_HV_A_F-product.zip
EOS-04,EOS-04,SAR,ISRO (인도우주연구기구),인도,2026-07-12 08:58:49,36.049855,126.916228,"충남, 전북",,urn_ogc_def_EOP_ISRO_IRS_265385471_E04_SAR_FR1_12JUL2026_24337_382_4_ANT_STUC00ETD_H_HV_A_F-product.zip,,X:\02_Analysis\20260708_Flood\EOS-04\urn_ogc_def_EOP_ISRO_IRS_265385471_E04_SAR_FR1_12JUL2026_24337_382_4_ANT_STUC00ETD_H_HV_A_F-product.zip
EOS-04,EOS-04,SAR,ISRO (인도우주연구기구),인도,2026-07-12 08:58:52,36.211324,126.871911,"충남, 전북",,urn_ogc_def_EOP_ISRO_IRS_265385441_E04_SAR_FR1_12JUL2026_24337_382_5_ANT_STUC00ETD_H_HV_A_F-product.zip,,X:\02_Analysis\20260708_Flood\EOS-04\urn_ogc_def_EOP_ISRO_IRS_265385441_E04_SAR_FR1_12JUL2026_24337_382_5_ANT_STUC00ETD_H_HV_A_F-product.zip
S1D,Sentinel-1,SAR,ESA / Copernicus,유럽연합(EU),2026-07-12 09:47:22,36.164209,122.759201,중국,,S1D_IW_GRDH_1SDV_20260712T094722_20260712T094752_003639_0067D0_1CE4_COG.zip,,X:\02_Analysis\20260708_Flood\Sentinel-1\S1D_IW_GRDH_1SDV_20260712T094722_20260712T094752_003639_0067D0_1CE4_COG.zip
TanDEM-X,TerraSAR-X,SAR,DLR (독일항공우주센터),독일,2026-07-12 21:45:15,37.338749,127.11243,"서울, 경기",,TDX1_SAR__EEC_RE___SM_S_SRA_20260712T214515_20260712T214522,,X:\02_Analysis\20260708_Flood\TerraSAR-X\urn_ogc_def_EOP_DLR_C634_N73_D_SM_strip_005_R_2026-07-12T21_45_15_664000Z-product.tar.gz!dims_op_oc_dfd2_699868605_2/TSX-1.SAR.L1B/TDX1_SAR__EEC_RE___SM_S_SRA_20260712T214515_20260712T214522/SUPPORT/GEARTH_POLY.kml
TanDEM-X,TerraSAR-X,SAR,DLR (독일항공우주센터),독일,2026-07-12 21:45:22,36.93983,127.016698,"세종, 경기, 충남",,TDX1_SAR__EEC_RE___SM_S_SRA_20260712T214522_20260712T214528,,X:\02_Analysis\20260708_Flood\TerraSAR-X\urn_ogc_def_EOP_DLR_C634_N73_D_SM_strip_005_R_2026-07-12T21_45_22_023000Z-product.tar.gz!dims_op_oc_dfd2_699868605_4/TSX-1.SAR.L1B/TDX1_SAR__EEC_RE___SM_S_SRA_20260712T214522_20260712T214528/SUPPORT/GEARTH_POLY.kml
TanDEM-X,TerraSAR-X,SAR,DLR (독일항공우주센터),독일,2026-07-12 21:45:28,36.532076,126.919378,"세종, 충남",,TDX1_SAR__EEC_RE___SM_S_SRA_20260712T214528_20260712T214535,,X:\02_Analysis\20260708_Flood\TerraSAR-X\urn_ogc_def_EOP_DLR_C634_N73_D_SM_strip_005_R_2026-07-12T21_45_28_522000Z-product.tar.gz!dims_op_oc_dfd2_699868605_3/TSX-1.SAR.L1B/TDX1_SAR__EEC_RE___SM_S_SRA_20260712T214528_20260712T214535/SUPPORT/GEARTH_POLY.kml
TanDEM-X,TerraSAR-X,SAR,DLR (독일항공우주센터),독일,2026-07-12 21:45:35,36.124114,126.823108,"충남, 전북",,TDX1_SAR__EEC_RE___SM_S_SRA_20260712T214535_20260712T214541,,X:\02_Analysis\20260708_Flood\TerraSAR-X\urn_ogc_def_EOP_DLR_C634_N73_D_SM_strip_005_R_2026-07-12T21_45_35_021000Z-product.tar.gz!dims_op_oc_dfd2_699868605_1/TSX-1.SAR.L1B/TDX1_SAR__EEC_RE___SM_S_SRA_20260712T214535_20260712T214541/SUPPORT/GEARTH_POLY.kml
S1C,Sentinel-1,SAR,ESA / Copernicus,유럽연합(EU),2026-07-13 21:38:00,43.373513,127.020342,중국,,S1C_IW_GRDH_1SDV_20260713T213800_20260713T213825_008530_010E39_F45C_COG.zip,,X:\02_Analysis\20260708_Flood\Sentinel-1\S1C_IW_GRDH_1SDV_20260713T213800_20260713T213825_008530_010E39_F45C_COG.zip
S1C,Sentinel-1,SAR,ESA / Copernicus,유럽연합(EU),2026-07-13 21:38:00,43.3734,127.044763,중국,,S1C_IW_GRDH_1SDV_20260713T213800_20260713T213825_008530_010E39_F45C_COG_rtc_db.tif,,X:\02_Analysis\20260708_Flood\Sentinel-1\rtc_grd\S1C_IW_GRDH_1SDV_20260713T213800_20260713T213825_008530_010E39_F45C_COG_rtc_db.tif
S1C,Sentinel-1,SAR,ESA / Copernicus,유럽연합(EU),2026-07-13 21:38:25,41.874322,126.654989,"북한, 중국",,S1C_IW_GRDH_1SDV_20260713T213825_20260713T213850_008530_010E39_4265_COG.zip,,X:\02_Analysis\20260708_Flood\Sentinel-1\S1C_IW_GRDH_1SDV_20260713T213825_20260713T213850_008530_010E39_4265_COG.zip
S1C,Sentinel-1,SAR,ESA / Copernicus,유럽연합(EU),2026-07-13 21:38:25,41.873781,126.678148,"북한, 중국",,S1C_IW_GRDH_1SDV_20260713T213825_20260713T213850_008530_010E39_4265_COG_rtc_db.tif,,X:\02_Analysis\20260708_Flood\Sentinel-1\rtc_grd\S1C_IW_GRDH_1SDV_20260713T213825_20260713T213850_008530_010E39_4265_COG_rtc_db.tif
S1C,Sentinel-1,SAR,ESA / Copernicus,유럽연합(EU),2026-07-13 21:38:50,40.372949,126.308134,"북한, 중국",,S1C_IW_GRDH_1SDV_20260713T213850_20260713T213915_008530_010E39_AEB7_COG.zip,,X:\02_Analysis\20260708_Flood\Sentinel-1\S1C_IW_GRDH_1SDV_20260713T213850_20260713T213915_008530_010E39_AEB7_COG.zip
S1C,Sentinel-1,SAR,ESA / Copernicus,유럽연합(EU),2026-07-13 21:38:50,40.371442,126.328024,"북한, 중국",,S1C_IW_GRDH_1SDV_20260713T213850_20260713T213915_008530_010E39_AEB7_COG_rtc_db.tif,,X:\02_Analysis\20260708_Flood\Sentinel-1\rtc_grd\S1C_IW_GRDH_1SDV_20260713T213850_20260713T213915_008530_010E39_AEB7_COG_rtc_db.tif
S1C,Sentinel-1,SAR,ESA / Copernicus,유럽연합(EU),2026-07-13 21:39:15,38.869718,125.975866,"경기, 강원, 북한",,S1C_IW_GRDH_1SDV_20260713T213915_20260713T213940_008530_010E39_93FC_COG.zip,,X:\02_Analysis\20260708_Flood\Sentinel-1\S1C_IW_GRDH_1SDV_20260713T213915_20260713T213940_008530_010E39_93FC_COG.zip
S1C,Sentinel-1,SAR,ESA / Copernicus,유럽연합(EU),2026-07-13 21:39:15,38.869521,125.995393,"인천, 경기, 강원, 북한",,S1C_IW_GRDH_1SDV_20260713T213915_20260713T213940_008530_010E39_93FC_COG_rtc_db.tif,,X:\02_Analysis\20260708_Flood\Sentinel-1\rtc_grd\S1C_IW_GRDH_1SDV_20260713T213915_20260713T213940_008530_010E39_93FC_COG_rtc_db.tif
S1C,Sentinel-1,SAR,ESA / Copernicus,유럽연합(EU),2026-07-13 21:39:40,37.366965,125.640282,"서울, 인천, 경기, 충남, 북한",,S1C_IW_GRDH_1SDV_20260713T213940_20260713T214005_008530_010E39_3C22_COG.zip,,X:\02_Analysis\20260708_Flood\Sentinel-1\S1C_IW_GRDH_1SDV_20260713T213940_20260713T214005_008530_010E39_3C22_COG.zip
S1C,Sentinel-1,SAR,ESA / Copernicus,유럽연합(EU),2026-07-13 21:39:40,37.366537,125.653309,"서울, 인천, 대전, 세종, 경기, 강원, 충북, 충남, 북한",,S1C_IW_GRDH_1SDV_20260713T213940_20260713T214005_008530_010E39_3C22_COG_rtc_db.tif,,X:\02_Analysis\20260708_Flood\Sentinel-1\rtc_grd\S1C_IW_GRDH_1SDV_20260713T213940_20260713T214005_008530_010E39_3C22_COG_rtc_db.tif
S1C,Sentinel-1,SAR,ESA / Copernicus,유럽연합(EU),2026-07-13 21:40:05,35.907322,125.318216,"충남, 전북, 전남",,S1C_IW_GRDH_1SDV_20260713T214005_20260713T214028_008530_010E39_1A5A_COG.zip,,X:\02_Analysis\20260708_Flood\Sentinel-1\S1C_IW_GRDH_1SDV_20260713T214005_20260713T214028_008530_010E39_1A5A_COG.zip
S1C,Sentinel-1,SAR,ESA / Copernicus,유럽연합(EU),2026-07-13 21:40:05,35.906964,125.331047,"광주, 충남, 전북, 전남",,S1C_IW_GRDH_1SDV_20260713T214005_20260713T214028_008530_010E39_1A5A_COG_rtc_db.tif,,X:\02_Analysis\20260708_Flood\Sentinel-1\rtc_grd\S1C_IW_GRDH_1SDV_20260713T214005_20260713T214028_008530_010E39_1A5A_COG_rtc_db.tif
S1D,Sentinel-1,SAR,ESA / Copernicus,유럽연합(EU),2026-07-14 09:30:33,34.850898,127.155105,"대구, 광주, 전북, 전남, 경북, 경남, 제주",,S1D_IW_GRDH_1SDV_20260714T093033_20260714T093103_003668_0068CE_376D_COG.zip,,X:\02_Analysis\20260708_Flood\Sentinel-1\S1D_IW_GRDH_1SDV_20260714T093033_20260714T093103_003668_0068CE_376D_COG.zip
S1D,Sentinel-1,SAR,ESA / Copernicus,유럽연합(EU),2026-07-14 09:30:33,34.850373,127.14019,"대구, 광주, 전북, 전남, 경북, 경남, 제주",,S1D_IW_GRDH_1SDV_20260714T093033_20260714T093103_003668_0068CE_376D_COG_rtc_db.tif,,X:\02_Analysis\20260708_Flood\Sentinel-1\rtc_grd\S1D_IW_GRDH_1SDV_20260714T093033_20260714T093103_003668_0068CE_376D_COG_rtc_db.tif
S1D,Sentinel-1,SAR,ESA / Copernicus,유럽연합(EU),2026-07-14 09:31:03,36.576983,126.775394,"서울, 인천, 대전, 세종, 경기, 강원, 충북, 충남, 전북, 경북, 경남",,S1D_IW_GRDH_1SDV_20260714T093103_20260714T093131_003668_0068CE_FE43_COG.zip,,X:\02_Analysis\20260708_Flood\Sentinel-1\S1D_IW_GRDH_1SDV_20260714T093103_20260714T093131_003668_0068CE_FE43_COG.zip
S1D,Sentinel-1,SAR,ESA / Copernicus,유럽연합(EU),2026-07-14 09:31:03,36.576796,126.7605,"서울, 인천, 대전, 세종, 경기, 강원, 충북, 충남, 전북, 경북, 경남",,S1D_IW_GRDH_1SDV_20260714T093103_20260714T093131_003668_0068CE_FE43_COG_rtc_db.tif,,X:\02_Analysis\20260708_Flood\Sentinel-1\rtc_grd\S1D_IW_GRDH_1SDV_20260714T093103_20260714T093131_003668_0068CE_FE43_COG_rtc_db.tif
S1D,Sentinel-1,SAR,ESA / Copernicus,유럽연합(EU),2026-07-14 21:31:31,37.704866,127.835016,"서울, 인천, 경기, 강원, 충북, 충남, 경북, 북한",,S1D_IW_GRDH_1SDV_20260714T213131_20260714T213201_003675_006910_8EF1_COG.zip,,X:\02_Analysis\20260708_Flood\Sentinel-1\S1D_IW_GRDH_1SDV_20260714T213131_20260714T213201_003675_006910_8EF1_COG.zip
S1D,Sentinel-1,SAR,ESA / Copernicus,유럽연합(EU),2026-07-14 21:31:31,37.704794,127.853925,"서울, 인천, 세종, 경기, 강원, 충북, 충남, 경북, 북한",,S1D_IW_GRDH_1SDV_20260714T213131_20260714T213201_003675_006910_8EF1_COG_rtc_db.tif,,X:\02_Analysis\20260708_Flood\Sentinel-1\rtc_grd\S1D_IW_GRDH_1SDV_20260714T213131_20260714T213201_003675_006910_8EF1_COG_rtc_db.tif
S1D,Sentinel-1,SAR,ESA / Copernicus,유럽연합(EU),2026-07-14 21:32:01,35.813871,127.414095,"대구, 광주, 대전, 세종, 경기, 충북, 충남, 전북, 전남, 경북, 경남",,S1D_IW_GRDH_1SDV_20260714T213201_20260714T213234_003675_006910_B126_COG.zip,,X:\02_Analysis\20260708_Flood\Sentinel-1\S1D_IW_GRDH_1SDV_20260714T213201_20260714T213234_003675_006910_B126_COG.zip
S1D,Sentinel-1,SAR,ESA / Copernicus,유럽연합(EU),2026-07-14 21:32:01,35.813054,127.432112,"부산, 대구, 인천, 광주, 대전, 울산, 세종, 경기, 충북, 충남, 전북, 전남, 경북, 경남",,S1D_IW_GRDH_1SDV_20260714T213201_20260714T213234_003675_006910_B126_COG_rtc_db.tif,,X:\02_Analysis\20260708_Flood\Sentinel-1\rtc_grd\S1D_IW_GRDH_1SDV_20260714T213201_20260714T213234_003675_006910_B126_COG_rtc_db.tif
S1C,Sentinel-1,SAR,ESA / Copernicus,유럽연합(EU),2026-07-15 09:21:15,31.637181,129.902065,일본,,S1C_IW_GRDH_1SDV_20260715T092115_20260715T092140_008552_010EE2_BCBF_COG.zip,,X:\02_Analysis\20260708_Flood\Sentinel-1\S1C_IW_GRDH_1SDV_20260715T092115_20260715T092140_008552_010EE2_BCBF_COG.zip
S1C,Sentinel-1,SAR,ESA / Copernicus,유럽연합(EU),2026-07-15 09:21:15,31.637186,129.891207,일본,,S1C_IW_GRDH_1SDV_20260715T092115_20260715T092140_008552_010EE2_BCBF_COG_rtc_db.tif,,X:\02_Analysis\20260708_Flood\Sentinel-1\rtc_grd\S1C_IW_GRDH_1SDV_20260715T092115_20260715T092140_008552_010EE2_BCBF_COG_rtc_db.tif
S1C,Sentinel-1,SAR,ESA / Copernicus,유럽연합(EU),2026-07-15 09:21:40,33.142108,129.580383,일본,,S1C_IW_GRDH_1SDV_20260715T092140_20260715T092205_008552_010EE2_A8F8_COG.zip,,X:\02_Analysis\20260708_Flood\Sentinel-1\S1C_IW_GRDH_1SDV_20260715T092140_20260715T092205_008552_010EE2_A8F8_COG.zip
S1C,Sentinel-1,SAR,ESA / Copernicus,유럽연합(EU),2026-07-15 09:21:40,33.141559,129.572967,일본,,S1C_IW_GRDH_1SDV_20260715T092140_20260715T092205_008552_010EE2_A8F8_COG_rtc_db.tif,,X:\02_Analysis\20260708_Flood\Sentinel-1\rtc_grd\S1C_IW_GRDH_1SDV_20260715T092140_20260715T092205_008552_010EE2_A8F8_COG_rtc_db.tif
S1C,Sentinel-1,SAR,ESA / Copernicus,유럽연합(EU),2026-07-15 09:22:05,34.646681,129.256293,"부산, 울산, 전남, 경남, 일본",,S1C_IW_GRDH_1SDV_20260715T092205_20260715T092230_008552_010EE2_2DA8_COG.zip,,X:\02_Analysis\20260708_Flood\Sentinel-1\S1C_IW_GRDH_1SDV_20260715T092205_20260715T092230_008552_010EE2_2DA8_COG.zip
S1C,Sentinel-1,SAR,ESA / Copernicus,유럽연합(EU),2026-07-15 09:22:05,34.646052,129.248058,"부산, 울산, 전남, 경북, 경남, 일본",,S1C_IW_GRDH_1SDV_20260715T092205_20260715T092230_008552_010EE2_2DA8_COG_rtc_db.tif,,X:\02_Analysis\20260708_Flood\Sentinel-1\rtc_grd\S1C_IW_GRDH_1SDV_20260715T092205_20260715T092230_008552_010EE2_2DA8_COG_rtc_db.tif
S1C,Sentinel-1,SAR,ESA / Copernicus,유럽연합(EU),2026-07-15 09:22:30,36.150768,128.929295,"대구, 대전, 울산, 세종, 충북, 충남, 전북, 경북, 경남",,S1C_IW_GRDH_1SDV_20260715T092230_20260715T092255_008552_010EE2_AC28_COG.zip,,X:\02_Analysis\20260708_Flood\Sentinel-1\S1C_IW_GRDH_1SDV_20260715T092230_20260715T092255_008552_010EE2_AC28_COG.zip
S1C,Sentinel-1,SAR,ESA / Copernicus,유럽연합(EU),2026-07-15 09:22:30,36.15078,128.912566,"부산, 대구, 대전, 울산, 세종, 경기, 강원, 충북, 충남, 전북, 전남, 경북, 경남",,S1C_IW_GRDH_1SDV_20260715T092230_20260715T092255_008552_010EE2_AC28_COG_rtc_db.tif,,X:\02_Analysis\20260708_Flood\Sentinel-1\rtc_grd\S1C_IW_GRDH_1SDV_20260715T092230_20260715T092255_008552_010EE2_AC28_COG_rtc_db.tif
S1C,Sentinel-1,SAR,ESA / Copernicus,유럽연합(EU),2026-07-15 09:22:55,37.969113,128.522644,"서울, 경기, 강원, 충북, 충남, 경북, 북한",,S1C_IW_GRDH_1SDV_20260715T092255_20260715T092331_008552_010EE2_C278_COG.zip,,X:\02_Analysis\20260708_Flood\Sentinel-1\S1C_IW_GRDH_1SDV_20260715T092255_20260715T092331_008552_010EE2_C278_COG.zip
S1C,Sentinel-1,SAR,ESA / Copernicus,유럽연합(EU),2026-07-15 09:22:55,37.96815,128.502454,"서울, 세종, 경기, 강원, 충북, 충남, 경북, 북한",,S1C_IW_GRDH_1SDV_20260715T092255_20260715T092331_008552_010EE2_C278_COG_rtc_db.tif,,X:\02_Analysis\20260708_Flood\Sentinel-1\rtc_grd\S1C_IW_GRDH_1SDV_20260715T092255_20260715T092331_008552_010EE2_C278_COG_rtc_db.tif
S1D,Sentinel-1,SAR,ESA / Copernicus,유럽연합(EU),2026-07-16 09:16:13,42.179147,129.640373,"북한, 중국",,S1D_IW_GRDH_1SDV_20260716T091613_20260716T091632_003697_0069CF_9FFF_COG.zip,,X:\02_Analysis\20260708_Flood\Sentinel-1\S1D_IW_GRDH_1SDV_20260716T091613_20260716T091632_003697_0069CF_9FFF_COG.zip
S1D,Sentinel-1,SAR,ESA / Copernicus,유럽연합(EU),2026-07-16 21:16:00,34.370358,131.224575,일본,,S1D_IW_GRDH_1SDV_20260716T211600_20260716T211629_003704_006A0F_D298_COG.zip,,X:\02_Analysis\20260708_Flood\Sentinel-1\S1D_IW_GRDH_1SDV_20260716T211600_20260716T211629_003704_006A0F_D298_COG.zip
S1D,Sentinel-1,SAR,ESA / Copernicus,유럽연합(EU),2026-07-16 21:16:00,34.369626,131.235734,일본,,S1D_IW_GRDH_1SDV_20260716T211600_20260716T211629_003704_006A0F_D298_COG_rtc_db.tif,,X:\02_Analysis\20260708_Flood\Sentinel-1\rtc_grd\S1D_IW_GRDH_1SDV_20260716T211600_20260716T211629_003704_006A0F_D298_COG_rtc_db.tif
S1D,Sentinel-1,SAR,ESA / Copernicus,유럽연합(EU),2026-07-16 21:16:29,32.736415,130.873162,일본,,S1D_IW_GRDH_1SDV_20260716T211629_20260716T211654_003704_006A0F_3191_COG.zip,,X:\02_Analysis\20260708_Flood\Sentinel-1\S1D_IW_GRDH_1SDV_20260716T211629_20260716T211654_003704_006A0F_3191_COG.zip
S1D,Sentinel-1,SAR,ESA / Copernicus,유럽연합(EU),2026-07-16 21:16:29,32.735828,130.885192,일본,,S1D_IW_GRDH_1SDV_20260716T211629_20260716T211654_003704_006A0F_3191_COG_rtc_db.tif,,X:\02_Analysis\20260708_Flood\Sentinel-1\rtc_grd\S1D_IW_GRDH_1SDV_20260716T211629_20260716T211654_003704_006A0F_3191_COG_rtc_db.tif
S1D,Sentinel-1,SAR,ESA / Copernicus,유럽연합(EU),2026-07-16 21:16:54,31.231171,130.552922,일본,,S1D_IW_GRDH_1SDV_20260716T211654_20260716T211719_003704_006A0F_4C7C_COG.zip,,X:\02_Analysis\20260708_Flood\Sentinel-1\S1D_IW_GRDH_1SDV_20260716T211654_20260716T211719_003704_006A0F_4C7C_COG.zip
S1D,Sentinel-1,SAR,ESA / Copernicus,유럽연합(EU),2026-07-16 21:16:54,31.230636,130.564076,일본,,S1D_IW_GRDH_1SDV_20260716T211654_20260716T211719_003704_006A0F_4C7C_COG_rtc_db.tif,,X:\02_Analysis\20260708_Flood\Sentinel-1\rtc_grd\S1D_IW_GRDH_1SDV_20260716T211654_20260716T211719_003704_006A0F_4C7C_COG_rtc_db.tif
S1C,Sentinel-1,SAR,ESA / Copernicus,유럽연합(EU),2026-07-18 21:46:29,42.469703,124.786472,중국,,S1C_IW_GRDH_1SDV_20260718T214629_20260718T214654_008603_01109D_DAF9_COG.zip,,X:\02_Analysis\20260708_Flood\Sentinel-1\S1C_IW_GRDH_1SDV_20260718T214629_20260718T214654_008603_01109D_DAF9_COG.zip
S1C,Sentinel-1,SAR,ESA / Copernicus,유럽연합(EU),2026-07-18 21:46:54,40.968933,124.433088,"북한, 중국",,S1C_IW_GRDH_1SDV_20260718T214654_20260718T214719_008603_01109D_2B06_COG.zip,,X:\02_Analysis\20260708_Flood\Sentinel-1\S1C_IW_GRDH_1SDV_20260718T214654_20260718T214719_008603_01109D_2B06_COG.zip
S1C,Sentinel-1,SAR,ESA / Copernicus,유럽연합(EU),2026-07-18 21:47:19,39.466946,124.090387,"북한, 중국",,S1C_IW_GRDH_1SDV_20260718T214719_20260718T214744_008603_01109D_C9CC_COG.zip,,X:\02_Analysis\20260708_Flood\Sentinel-1\S1C_IW_GRDH_1SDV_20260718T214719_20260718T214744_008603_01109D_C9CC_COG.zip
S1C,Sentinel-1,SAR,ESA / Copernicus,유럽연합(EU),2026-07-18 21:47:44,37.964432,123.751909,"인천, 북한, 중국",,S1C_IW_GRDH_1SDV_20260718T214744_20260718T214809_008603_01109D_6EBE_COG.zip,,X:\02_Analysis\20260708_Flood\Sentinel-1\S1C_IW_GRDH_1SDV_20260718T214744_20260718T214809_008603_01109D_6EBE_COG.zip
S1C,Sentinel-1,SAR,ESA / Copernicus,유럽연합(EU),2026-07-18 21:48:09,36.762985,123.482994,중국,,S1C_IW_GRDH_1SDV_20260718T214809_20260718T214824_008603_01109D_3883_COG.zip,,X:\02_Analysis\20260708_Flood\Sentinel-1\S1C_IW_GRDH_1SDV_20260718T214809_20260718T214824_008603_01109D_3883_COG.zip
S1D,Sentinel-1,SAR,ESA / Copernicus,유럽연합(EU),2026-07-19 09:39:55,38.939403,124.197727,"북한, 중국",,S1D_IW_GRDH_1SDV_20260719T093955_20260719T094025_003741_006B4D_0B91_COG.zip,,X:\02_Analysis\20260708_Flood\Sentinel-1\S1D_IW_GRDH_1SDV_20260719T093955_20260719T094025_003741_006B4D_0B91_COG.zip
S1D,Sentinel-1,SAR,ESA / Copernicus,유럽연합(EU),2026-07-19 09:40:25,40.82829,123.76185,"북한, 중국",,S1D_IW_GRDH_1SDV_20260719T094025_20260719T094058_003741_006B4D_3194_COG.zip,,X:\02_Analysis\20260708_Flood\Sentinel-1\S1D_IW_GRDH_1SDV_20260719T094025_20260719T094058_003741_006B4D_3194_COG.zip
